id,code,education_stage,grade,component,field,knowledge_object,description,source_document
5905232a-2130-5072-a11b-357aa45e53d1,EF06CI04,EF_AF,6,Ciências,Matéria e energia,Misturas homogêneas e heterogêneas Separação de materiais Materiais sintéticos Transformações químicas,"Associar a produção de medicamentos e outros materiais sintéticos ao desenvolvimento científico e tecnológico, reconhecendo benefícios e avaliando impactos socioambientais.","BRASIL. Base Nacional Comum Curricular (2018), p. 344–345; BNCC_EI_EF_110518_versaofinal_site.pdf, páginas do PDF 346–347"
ee3c0cfe-504d-5c03-a99c-d273f1b0d72e,EF06CI10,EF_AF,6,Ciências,Vida e evolução,Célula como unidade da vida Interação entre os sistemas locomotor e nervoso Lentes corretivas,Explicar como o funcionamento do sistema nervoso pode ser afetado por substâncias psicoativas.,"BRASIL. Base Nacional Comum Curricular (2018), p. 344–345; BNCC_EI_EF_110518_versaofinal_site.pdf, páginas do PDF 346–347"
16f32e51-1dab-5b39-8ef5-878a12b2d338,EF06CI13,EF_AF,6,Ciências,Terra e Universo,"Forma, estrutura e movimentos da Terra",Selecionar argumentos e evidências que demonstrem a esfericidade da Terra.,"BRASIL. Base Nacional Comum Curricular (2018), p. 344–345; BNCC_EI_EF_110518_versaofinal_site.pdf, páginas do PDF 346–347"
53a10d98-51fa-5264-b2d1-3e63124c6594,EF06ER01,EF_AF,6,Ensino Religioso,Crenças religiosas e filosofias de vida,Tradição escrita: registro dos ensinamentos sagrados,"Reconhecer o papel da tradição escrita na preservação de memórias, acontecimentos e ensinamentos religiosos.","BRASIL. Base Nacional Comum Curricular (2018), p. 452–453; BNCC_EI_EF_110518_versaofinal_site.pdf, páginas do PDF 454–455"
12ca1855-3e08-5e3b-a1a5-0c0b4154363b,EF06ER02,EF_AF,6,Ensino Religioso,Crenças religiosas e filosofias de vida,Tradição escrita: registro dos ensinamentos sagrados,"Reconhecer e valorizar a diversidade de textos religiosos escritos (textos do Budismo, Cristianismo, Espiritismo, Hinduísmo, Islamismo, Judaísmo, entre outros).","BRASIL. Base Nacional Comum Curricular (2018), p. 452–453; BNCC_EI_EF_110518_versaofinal_site.pdf, páginas do PDF 454–455"
505fb818-07d9-5c00-b37b-e13b1545686b,EF06ER03,EF_AF,6,Ensino Religioso,Crenças religiosas e filosofias de vida,Ensinamentos da tradição escrita,"Reconhecer, em textos escritos, ensinamentos relacionados a modos de ser e viver.","BRASIL. Base Nacional Comum Curricular (2018), p. 452–453; BNCC_EI_EF_110518_versaofinal_site.pdf, páginas do PDF 454–455"
b7a09dc6-6b38-575f-9248-994ab46ad207,EF06ER04,EF_AF,6,Ensino Religioso,Crenças religiosas e filosofias de vida,Ensinamentos da tradição escrita,Reconhecer que os textos escritos são utilizados pelas tradições religiosas de maneiras diversas.,"BRASIL. Base Nacional Comum Curricular (2018), p. 452–453; BNCC_EI_EF_110518_versaofinal_site.pdf, páginas do PDF 454–455"
5ec7cec6-880b-5d21-8baa-fa293c3f4d6a,EF06ER05,EF_AF,6,Ensino Religioso,Crenças religiosas e filosofias de vida,Ensinamentos da tradição escrita,Discutir como o estudo e a interpretação dos textos religiosos influenciam os adeptos a vivenciarem os ensinamentos das tradições religiosas.,"BRASIL. Base Nacional Comum Curricular (2018), p. 452–453; BNCC_EI_EF_110518_versaofinal_site.pdf, páginas do PDF 454–455"
62e91e69-e4a2-51b5-9530-501e8d963954,EF06ER06,EF_AF,6,Ensino Religioso,Crenças religiosas e filosofias de vida,"Símbolos, ritos e mitos religiosos","Reconhecer a importância dos mitos, ritos, símbolos e textos na estruturação das diferentes crenças, tradições e movimentos religiosos.","BRASIL. Base Nacional Comum Curricular (2018), p. 452–453; BNCC_EI_EF_110518_versaofinal_site.pdf, páginas do PDF 454–455"
8cc6c5a9-c138-54df-82f0-2f00a3462a5c,EF06GE01,EF_AF,6,Geografia,O sujeito e seu lugar no mundo,Identidade sociocultural,Comparar modificações das paisagens nos lugares de vivência e os usos desses lugares em diferentes tempos.,"BRASIL. Base Nacional Comum Curricular (2018), p. 384–385; BNCC_EI_EF_110518_versaofinal_site.pdf, páginas do PDF 386–387"
97319db0-cf94-5520-ac09-c8ee1311949d,EF06GE02,EF_AF,6,Geografia,O sujeito e seu lugar no mundo,Identidade sociocultural,"Analisar modificações de paisagens por diferentes tipos de sociedade, com destaque para os povos originários.","BRASIL. Base Nacional Comum Curricular (2018), p. 384–385; BNCC_EI_EF_110518_versaofinal_site.pdf, páginas do PDF 386–387"
9fc4d938-af39-5197-8a93-759175ccf95f,EF06GE03,EF_AF,6,Geografia,Conexões e escalas,Relações entre os componentes físico-naturais,"Descrever os movimentos do planeta e sua relação com a circulação geral da atmosfera, o tempo atmosférico e os padrões climáticos.","BRASIL. Base Nacional Comum Curricular (2018), p. 384–385; BNCC_EI_EF_110518_versaofinal_site.pdf, páginas do PDF 386–387"
8535139a-dc86-5baf-9c33-348fac532e0a,EF06GE04,EF_AF,6,Geografia,Conexões e escalas,Relações entre os componentes físico-naturais,"Descrever o ciclo da água, comparando o escoamento superficial no ambiente urbano e rural, reconhecendo os principais componentes da morfologia das bacias e das redes hidrográficas e a sua localização no modelado da superfície terrestre e da cobertura vegetal.","BRASIL. Base Nacional Comum Curricular (2018), p. 384–385; BNCC_EI_EF_110518_versaofinal_site.pdf, páginas do PDF 386–387"
3e387493-62fc-5240-b205-f76e10ffff4d,EF06GE05,EF_AF,6,Geografia,Conexões e escalas,Relações entre os componentes físico-naturais,"Relacionar padrões climáticos, tipos de solo, relevo e formações vegetais.","BRASIL. Base Nacional Comum Curricular (2018), p. 384–385; BNCC_EI_EF_110518_versaofinal_site.pdf, páginas do PDF 386–387"
3c6bf835-901a-562b-b772-542a3fd887fc,EF06GE06,EF_AF,6,Geografia,Mundo do trabalho,Transformação das paisagens naturais e antrópicas,Identificar as características das paisagens transformadas pelo trabalho humano a partir do desenvolvimento da agropecuária e do processo de industrialização.,"BRASIL. Base Nacional Comum Curricular (2018), p. 384–385; BNCC_EI_EF_110518_versaofinal_site.pdf, páginas do PDF 386–387"
01555b91-7231-53f8-aac5-2ccba5fdeb83,EF06GE07,EF_AF,6,Geografia,Mundo do trabalho,Transformação das paisagens naturais e antrópicas,Explicar as mudanças na interação humana com a natureza a partir do surgimento das cidades.,"BRASIL. Base Nacional Comum Curricular (2018), p. 384–385; BNCC_EI_EF_110518_versaofinal_site.pdf, páginas do PDF 386–387"
4a88692e-e7ea-5b51-b6e9-cf8e82d0344d,EF06GE08,EF_AF,6,Geografia,Formas de representação e pensamento espacial,Fenômenos naturais e sociais representados de diferentes maneiras,Medir distâncias na superfície pelas escalas gráficas e numéricas dos mapas.,"BRASIL. Base Nacional Comum Curricular (2018), p. 384–385; BNCC_EI_EF_110518_versaofinal_site.pdf, páginas do PDF 386–387"
0773bc13-8141-573e-9dc0-1806459b3de8,EF06GE10,EF_AF,6,Geografia,"Natureza, ambientes e qualidade de vida",Biodiversidade e ciclo hidrológico,"Explicar as diferentes formas de uso do solo (rotação de terras, terraceamento, aterros etc.) e de apropriação dos recursos hídricos (sistema de irrigação, tratamento e redes de distribuição), bem como suas vantagens e desvantagens em diferentes épocas e lugares.","BRASIL. Base Nacional Comum Curricular (2018), p. 384–385; BNCC_EI_EF_110518_versaofinal_site.pdf, páginas do PDF 386–387"
3a648875-bc78-5dd6-9ca5-c0fda8a261f1,EF06GE11,EF_AF,6,Geografia,"Natureza, ambientes e qualidade de vida",Biodiversidade e ciclo hidrológico,"Analisar distintas interações das sociedades com a natureza, com base na distribuição dos componentes físico-naturais, incluindo as transformações da biodiversidade local e do mundo.","BRASIL. Base Nacional Comum Curricular (2018), p. 384–385; BNCC_EI_EF_110518_versaofinal_site.pdf, páginas do PDF 386–387"
c2f4ed57-8801-574a-bfe7-924af73b20fb,EF06GE12,EF_AF,6,Geografia,"Natureza, ambientes e qualidade de vida",Biodiversidade e ciclo hidrológico,"Identificar o consumo dos recursos hídricos e o uso das principais bacias hidrográficas no Brasil e no mundo, enfatizando as transformações nos ambientes urbanos.","BRASIL. Base Nacional Comum Curricular (2018), p. 384–385; BNCC_EI_EF_110518_versaofinal_site.pdf, páginas do PDF 386–387"
3dad31cb-dc3e-586c-bc23-4e26d4004100,EF06GE13,EF_AF,6,Geografia,"Natureza, ambientes e qualidade de vida",Atividades humanas e dinâmica climática,"Analisar consequências, vantagens e desvantagens das práticas humanas na dinâmica climática (ilha de calor etc.).","BRASIL. Base Nacional Comum Curricular (2018), p. 384–385; BNCC_EI_EF_110518_versaofinal_site.pdf, páginas do PDF 386–387"
32356a72-c663-5360-a346-514bb4be79a2,EF06HI01,EF_AF,6,História,"História: tempo, espaço e formas de registros","A questão do tempo, sincronias e diacronias: reflexões sobre o sentido das cronologias",Identificar diferentes formas de compreensão da noção de tempo e de periodização dos processos históricos (continuidades e rupturas).,"BRASIL. Base Nacional Comum Curricular (2018), p. 420–421; BNCC_EI_EF_110518_versaofinal_site.pdf, páginas do PDF 422–423"
aa2531ad-01f1-50b7-acff-79ada9a47e2c,EF06HI02,EF_AF,6,História,"História: tempo, espaço e formas de registros",Formas de registro da história e da produção do conhecimento histórico,Identificar a gênese da produção do saber histórico e analisar o significado das fontes que originaram determinadas formas de registro em sociedades e épocas distintas.,"BRASIL. Base Nacional Comum Curricular (2018), p. 420–421; BNCC_EI_EF_110518_versaofinal_site.pdf, páginas do PDF 422–423"
1bc3db28-e24e-5d51-b47c-5865e72d80e8,EF06HI03,EF_AF,6,História,"História: tempo, espaço e formas de registros","As origens da humanidade, seus deslocamentos e os processos de sedentarização",Identificar as hipóteses científicas sobre o surgimento da espécie humana e sua historicidade e analisar os significados dos mitos de fundação.,"BRASIL. Base Nacional Comum Curricular (2018), p. 420–421; BNCC_EI_EF_110518_versaofinal_site.pdf, páginas do PDF 422–423"
6e326998-b0eb-5866-839c-27d5e2a2d0fa,EF06HI04,EF_AF,6,História,"História: tempo, espaço e formas de registros","As origens da humanidade, seus deslocamentos e os processos de sedentarização",Conhecer as teorias sobre a origem do homem americano.,"BRASIL. Base Nacional Comum Curricular (2018), p. 420–421; BNCC_EI_EF_110518_versaofinal_site.pdf, páginas do PDF 422–423"
59e75fa9-b786-5df9-a693-01fdc6974307,EF06HI05,EF_AF,6,História,"História: tempo, espaço e formas de registros","As origens da humanidade, seus deslocamentos e os processos de sedentarização","Descrever modificações da natureza e da paisagem realizadas por diferentes tipos de sociedade, com destaque para os povos indígenas originários e povos africanos, e discutir a natureza e a lógica das transformações ocorridas.","BRASIL. Base Nacional Comum Curricular (2018), p. 420–421; BNCC_EI_EF_110518_versaofinal_site.pdf, páginas do PDF 422–423"
5bfa75f6-a021-5c69-96f1-168347c9bfac,EF06HI06,EF_AF,6,História,"História: tempo, espaço e formas de registros","As origens da humanidade, seus deslocamentos e os processos de sedentarização",Identificar geograficamente as rotas de povoamento no território americano.,"BRASIL. Base Nacional Comum Curricular (2018), p. 420–421; BNCC_EI_EF_110518_versaofinal_site.pdf, páginas do PDF 422–423"
c6d0c204-cc16-5ba8-aaa0-18819a36468d,EF06HI07,EF_AF,6,História,A invenção do mundo clássico e o contraponto com outras sociedades,"Povos da Antiguidade na África (egípcios), no Oriente Médio (mesopotâmicos) e nas Américas (pré-colombianos) Os povos indígenas originários do atual território brasileiro e seus hábitos culturais e sociais","Identificar aspectos e formas de registro das sociedades antigas na África, no Oriente Médio e nas Américas, distinguindo alguns significados presentes na cultura material e na tradição oral dessas sociedades.","BRASIL. Base Nacional Comum Curricular (2018), p. 420–421; BNCC_EI_EF_110518_versaofinal_site.pdf, páginas do PDF 422–423"
9dd2d204-1829-5fdc-9e8b-0bc62a09525b,EF06HI08,EF_AF,6,História,A invenção do mundo clássico e o contraponto com outras sociedades,"Povos da Antiguidade na África (egípcios), no Oriente Médio (mesopotâmicos) e nas Américas (pré-colombianos) Os povos indígenas originários do atual território brasileiro e seus hábitos culturais e sociais","Identificar os espaços territoriais ocupados e os aportes culturais, científicos, sociais e econômicos dos astecas, maias e incas e dos povos indígenas de diversas regiões brasileiras.","BRASIL. Base Nacional Comum Curricular (2018), p. 420–421; BNCC_EI_EF_110518_versaofinal_site.pdf, páginas do PDF 422–423"
a05f05a2-2c74-5edd-b99e-5914953ba187,EF06HI09,EF_AF,6,História,A invenção do mundo clássico e o contraponto com outras sociedades,O Ocidente Clássico: aspectos da cultura na Grécia e em Roma,"Discutir o conceito de Antiguidade Clássica, seu alcance e limite na tradição ocidental, assim como os impactos sobre outras sociedades e culturas.","BRASIL. Base Nacional Comum Curricular (2018), p. 420–421; BNCC_EI_EF_110518_versaofinal_site.pdf, páginas do PDF 422–423"
3d728cd8-7972-5bf8-80ec-9413e2c51c44,EF06HI10,EF_AF,6,História,Lógicas de organização política,"As noções de cidadania e política na Grécia e em Roma • Domínios e expansão das culturas grega e romana • Significados do conceito de “império” e as lógicas de conquista, conflito e negociação dessa forma de organização política As diferentes formas de organização política na África: reinos, impérios, cidades-estados e sociedades linhageiras ou aldeias","Explicar a formação da Grécia Antiga, com ênfase na formação da pólis e nas transformações políticas, sociais e culturais.","BRASIL. Base Nacional Comum Curricular (2018), p. 420–421; BNCC_EI_EF_110518_versaofinal_site.pdf, páginas do PDF 422–423"
981bf25c-2e7f-58fc-9989-da26ac261064,EF06HI11,EF_AF,6,História,Lógicas de organização política,"As noções de cidadania e política na Grécia e em Roma • Domínios e expansão das culturas grega e romana • Significados do conceito de “império” e as lógicas de conquista, conflito e negociação dessa forma de organização política As diferentes formas de organização política na África: reinos, impérios, cidades-estados e sociedades linhageiras ou aldeias",Caracterizar o processo de formação da Roma Antiga e suas configurações sociais e políticas nos períodos monárquico e republicano.,"BRASIL. Base Nacional Comum Curricular (2018), p. 420–421; BNCC_EI_EF_110518_versaofinal_site.pdf, páginas do PDF 422–423"
7ee1d563-dc28-5722-b439-030d59bc6894,EF06HI12,EF_AF,6,História,Lógicas de organização política,"As noções de cidadania e política na Grécia e em Roma • Domínios e expansão das culturas grega e romana • Significados do conceito de “império” e as lógicas de conquista, conflito e negociação dessa forma de organização política As diferentes formas de organização política na África: reinos, impérios, cidades-estados e sociedades linhageiras ou aldeias",Associar o conceito de cidadania a dinâmicas de inclusão e exclusão na Grécia e Roma antigas.,"BRASIL. Base Nacional Comum Curricular (2018), p. 420–421; BNCC_EI_EF_110518_versaofinal_site.pdf, páginas do PDF 422–423"
2a39f792-c3df-5217-a1f8-33898dd5aef3,EF06HI13,EF_AF,6,História,Lógicas de organização política,"As noções de cidadania e política na Grécia e em Roma • Domínios e expansão das culturas grega e romana • Significados do conceito de “império” e as lógicas de conquista, conflito e negociação dessa forma de organização política As diferentes formas de organização política na África: reinos, impérios, cidades-estados e sociedades linhageiras ou aldeias","Conceituar “império” no mundo antigo, com vistas à análise das diferentes formas de equilíbrio e desequilíbrio entre as partes envolvidas.","BRASIL. Base Nacional Comum Curricular (2018), p. 420–421; BNCC_EI_EF_110518_versaofinal_site.pdf, páginas do PDF 422–423"
1ce1c623-7bc4-561d-9c31-e40997853f57,EF06HI14,EF_AF,6,História,Lógicas de organização política,A passagem do mundo antigo para o mundo medieval A fragmentação do poder político na Idade Média,"Identificar e analisar diferentes formas de contato, adaptação ou exclusão entre populações em diferentes tempos e espaços.","BRASIL. Base Nacional Comum Curricular (2018), p. 420–421; BNCC_EI_EF_110518_versaofinal_site.pdf, páginas do PDF 422–423"
75f1638b-b015-5bb1-ad8a-1a0e5d83cd38,EF06HI15,EF_AF,6,História,Lógicas de organização política,"O Mediterrâneo como espaço de interação entre as sociedades da Europa, da África e do Oriente Médio","Descrever as dinâmicas de circulação de pessoas, produtos e culturas no Mediterrâneo e seu significado.","BRASIL. Base Nacional Comum Curricular (2018), p. 420–421; BNCC_EI_EF_110518_versaofinal_site.pdf, páginas do PDF 422–423"
ca4b091c-3f57-50ff-ae92-d0a0546620f3,EF06HI16,EF_AF,6,História,Trabalho e formas de organização social e cultural,"Senhores e servos no mundo antigo e no medieval Escravidão e trabalho livre em diferentes temporalidades e espaços (Roma Antiga, Europa medieval e África) Lógicas comerciais na Antiguidade romana e no mundo medieval","Caracterizar e comparar as dinâmicas de abastecimento e as formas de organização do trabalho e da vida social em diferentes sociedades e períodos, com destaque para as relações entre senhores e servos.","BRASIL. Base Nacional Comum Curricular (2018), p. 420–421; BNCC_EI_EF_110518_versaofinal_site.pdf, páginas do PDF 422–423"
5451b347-4afb-5189-bbf7-66c8de4da0e2,EF06HI17,EF_AF,6,História,Trabalho e formas de organização social e cultural,"Senhores e servos no mundo antigo e no medieval Escravidão e trabalho livre em diferentes temporalidades e espaços (Roma Antiga, Europa medieval e África) Lógicas comerciais na Antiguidade romana e no mundo medieval","Diferenciar escravidão, servidão e trabalho livre no mundo antigo.","BRASIL. Base Nacional Comum Curricular (2018), p. 420–421; BNCC_EI_EF_110518_versaofinal_site.pdf, páginas do PDF 422–423"
11ba99f0-0cc4-551f-9522-b097ecad0efe,EF06HI18,EF_AF,6,História,Trabalho e formas de organização social e cultural,"O papel da religião cristã, dos mosteiros e da cultura na Idade Média",Analisar o papel da religião cristã na cultura e nos modos de organização social no período medieval.,"BRASIL. Base Nacional Comum Curricular (2018), p. 420–421; BNCC_EI_EF_110518_versaofinal_site.pdf, páginas do PDF 422–423"
e82dfa9e-03a2-58d3-a649-7941620d4ba8,EF06HI19,EF_AF,6,História,Trabalho e formas de organização social e cultural,"O papel da mulher na Grécia e em Roma, e no período medieval",Descrever e analisar os diferentes papéis sociais das mulheres no mundo antigo e nas sociedades medievais.,"BRASIL. Base Nacional Comum Curricular (2018), p. 420–421; BNCC_EI_EF_110518_versaofinal_site.pdf, páginas do PDF 422–423"
518eb153-57c2-5d92-88d3-08f6edc3d14a,EF06LI02,EF_AF,6,Língua Inglesa,Interação discursiva,Construção de laços afetivos e convívio social,"Coletar informações do grupo, perguntando e respondendo sobre a família, os amigos, a escola e a comunidade..","BRASIL. Base Nacional Comum Curricular (2018), p. 248–249; BNCC_EI_EF_110518_versaofinal_site.pdf, páginas do PDF 250–251"
040f239a-2731-546d-af10-0ff284c56e44,EF06LI04,EF_AF,6,Língua Inglesa,Compreensão oral,Estratégias de compreensão de textos orais: palavras cognatas e pistas do contexto discursivo,"Reconhecer, com o apoio de palavras cognatas e pistas do contexto discursivo, o assunto e as informações principais em textos orais sobre temas familiares.","BRASIL. Base Nacional Comum Curricular (2018), p. 248–249; BNCC_EI_EF_110518_versaofinal_site.pdf, páginas do PDF 250–251"
737e4005-4a5d-5acd-a68e-ba32c34833cf,EF06LI06,EF_AF,6,Língua Inglesa,Produção oral,"Produção de textos orais, com a mediação do professor","Planejar apresentação sobre a família, a comunidade e a escola, compartilhando-a oralmente com o grupo.","BRASIL. Base Nacional Comum Curricular (2018), p. 248–249; BNCC_EI_EF_110518_versaofinal_site.pdf, páginas do PDF 250–251"
54f1ae95-ad95-51c5-9220-424866892392,EF06LI07,EF_AF,6,Língua Inglesa,Estratégias de leitura,Hipóteses sobre a finalidade de um texto,"Formular hipóteses sobre a finalidade de um texto em língua inglesa, com base em sua estrutura, organização textual e pistas gráficas.","BRASIL. Base Nacional Comum Curricular (2018), p. 248–249; BNCC_EI_EF_110518_versaofinal_site.pdf, páginas do PDF 250–251"
6302d5ab-95b5-545a-9183-fe2614239921,EF06LI08,EF_AF,6,Língua Inglesa,Estratégias de leitura,"Compreensão geral e específica: leitura rápida (skimming, scanning)","Identificar o assunto de um texto, reconhecendo sua organização textual e palavras cognatas.","BRASIL. Base Nacional Comum Curricular (2018), p. 248–249; BNCC_EI_EF_110518_versaofinal_site.pdf, páginas do PDF 250–251"
8b7d49e9-b6ba-5107-b231-ffbc8592b2e0,EF06LI09,EF_AF,6,Língua Inglesa,Estratégias de leitura,"Compreensão geral e específica: leitura rápida (skimming, scanning)",Localizar informações específicas em texto.,"BRASIL. Base Nacional Comum Curricular (2018), p. 248–249; BNCC_EI_EF_110518_versaofinal_site.pdf, páginas do PDF 250–251"
c4bcb825-467c-5860-84af-a47372b0fe0a,EF06LI12,EF_AF,6,Língua Inglesa,Atitudes e disposições favoráveis do leitor,"Partilha de leitura, com mediação do professor","Interessar-se pelo texto lido, compartilhando suas ideias sobre o que o texto informa/comunica.","BRASIL. Base Nacional Comum Curricular (2018), p. 248–249; BNCC_EI_EF_110518_versaofinal_site.pdf, páginas do PDF 250–251"
75f84958-4117-5009-a637-5441db8ba102,EF06LI13,EF_AF,6,Língua Inglesa,Estratégias de escrita: pré-escrita,Planejamento do texto: brainstorming,"Listar ideias para a produção de textos, levando em conta o tema e o assunto.","BRASIL. Base Nacional Comum Curricular (2018), p. 250–251; BNCC_EI_EF_110518_versaofinal_site.pdf, páginas do PDF 252–253"
001a3c90-0d1f-51b8-8343-c547f867bc03,EF06LI14,EF_AF,6,Língua Inglesa,Estratégias de escrita: pré-escrita,Planejamento do texto: organização de ideias,"Organizar ideias, selecionando-as em função da estrutura e do objetivo do texto.","BRASIL. Base Nacional Comum Curricular (2018), p. 250–251; BNCC_EI_EF_110518_versaofinal_site.pdf, páginas do PDF 252–253"
c0ab7cdf-4403-56b3-bccd-4644be200fcc,EF06LI15,EF_AF,6,Língua Inglesa,Práticas de escrita,"Produção de textos escritos, em formatos diversos, com a mediação do professor","Produzir textos escritos em língua inglesa (histórias em quadrinhos, cartazes, chats, blogues, agendas, fotolegendas, entre outros), sobre si mesmo, sua família, seus amigos, gostos, preferências e rotinas, sua comunidade e seu contexto escolar.","BRASIL. Base Nacional Comum Curricular (2018), p. 250–251; BNCC_EI_EF_110518_versaofinal_site.pdf, páginas do PDF 252–253"
07ce2c10-5f42-53cf-9f7b-cc861109807c,EF06LI24,EF_AF,6,Língua Inglesa,A língua inglesa no mundo,Países que têm a língua inglesa como língua materna e/ou oficial,Investigar o alcance da língua inglesa no mundo: como língua materna e/ou oficial (primeira ou segunda língua).,"BRASIL. Base Nacional Comum Curricular (2018), p. 250–251; BNCC_EI_EF_110518_versaofinal_site.pdf, páginas do PDF 252–253"
9c1be915-aa65-50e2-99b7-a70fcaacddb0,EF06LI25,EF_AF,6,Língua Inglesa,A língua inglesa no cotidiano da sociedade brasileira/comunidade,Presença da língua inglesa no cotidiano,"Identificar a presença da língua inglesa na sociedade brasileira/comunidade (palavras, expressões, suportes e esferas de circulação e consumo) e seu significado.","BRASIL. Base Nacional Comum Curricular (2018), p. 250–251; BNCC_EI_EF_110518_versaofinal_site.pdf, páginas do PDF 252–253"
143a73f7-90ab-56ef-af54-d02fd5f2db86,EF06LI26,EF_AF,6,Língua Inglesa,A língua inglesa no cotidiano da sociedade brasileira/comunidade,Presença da língua inglesa no cotidiano,"Avaliar, problematizando elementos/produtos culturais de países de língua inglesa absorvidos pela sociedade brasileira/comunidade.","BRASIL. Base Nacional Comum Curricular (2018), p. 250–251; BNCC_EI_EF_110518_versaofinal_site.pdf, páginas do PDF 252–253"
ffff6351-764a-58ca-ae37-208096d74e0c,EF06LP01,EF_AF,6,Língua Portuguesa,CAMPO JORNALÍSTICO-MIDIÁTICO,"Reconstrução do contexto de produção, circulação e recepção de textos Caracterização do campo jornalístico e relação entre os gêneros em circulação, mídias e práticas da cultura digital","Reconhecer a impossibilidade de uma neutralidade absoluta no relato de fatos e identificar diferentes graus de parcialidade/ imparcialidade dados pelo recorte feito e pelos efeitos de sentido advindos de escolhas feitas pelo autor, de forma a poder desenvolver uma atitude crítica frente aos textos jornalísticos e tornar-se consciente das escolhas feitas enquanto produtor de textos.","BRASIL. Base Nacional Comum Curricular (2018), p. 162–163; BNCC_EI_EF_110518_versaofinal_site.pdf, páginas do PDF 164–165"
e5626b3a-d2d0-5074-87e0-cb555df37a59,EF06LP02,EF_AF,6,Língua Portuguesa,CAMPO JORNALÍSTICO-MIDIÁTICO,"Reconstrução do contexto de produção, circulação e recepção de textos Caracterização do campo jornalístico e relação entre os gêneros em circulação, mídias e práticas da cultura digital","Estabelecer relação entre os diferentes gêneros jornalísticos, compreendendo a centralidade da notícia.","BRASIL. Base Nacional Comum Curricular (2018), p. 162–163; BNCC_EI_EF_110518_versaofinal_site.pdf, páginas do PDF 164–165"
061cb29d-7a54-530d-9175-005d586aa368,EF06LP03,EF_AF,6,Língua Portuguesa,TODOS OS CAMPOS DE ATUAÇÃO,Léxico/morfologia,Analisar diferenças de sentido entre palavras de uma série sinonímica.,"BRASIL. Base Nacional Comum Curricular (2018), p. 170–171; BNCC_EI_EF_110518_versaofinal_site.pdf, páginas do PDF 172–173"
c673b463-ee5c-5686-b5e8-8fa4873431f3,EF06LP04,EF_AF,6,Língua Portuguesa,TODOS OS CAMPOS DE ATUAÇÃO,Morfossintaxe,"Analisar a função e as flexões de substantivos e adjetivos e de verbos nos modos Indicativo, Subjuntivo e Imperativo: afirmativo e negativo.","BRASIL. Base Nacional Comum Curricular (2018), p. 170–171; BNCC_EI_EF_110518_versaofinal_site.pdf, páginas do PDF 172–173"
b6a50b4a-f6d4-526a-8d9d-aea2b31d2086,EF06LP05,EF_AF,6,Língua Portuguesa,TODOS OS CAMPOS DE ATUAÇÃO,Morfossintaxe,"Identificar os efeitos de sentido dos modos verbais, considerando o gênero textual e a intenção comunicativa.","BRASIL. Base Nacional Comum Curricular (2018), p. 170–171; BNCC_EI_EF_110518_versaofinal_site.pdf, páginas do PDF 172–173"
0e04dcd5-af91-5e77-873b-223262fca1d5,EF06LP06,EF_AF,6,Língua Portuguesa,TODOS OS CAMPOS DE ATUAÇÃO,Morfossintaxe,"Empregar, adequadamente, as regras de concordância nominal (relações entre os substantivos e seus determinantes) e as regras de concordância verbal (relações entre o verbo e o sujeito simples e composto).","BRASIL. Base Nacional Comum Curricular (2018), p. 170–171; BNCC_EI_EF_110518_versaofinal_site.pdf, páginas do PDF 172–173"
e39d4c3c-e4c1-51df-8c37-8a12f2bc79cb,EF06LP07,EF_AF,6,Língua Portuguesa,TODOS OS CAMPOS DE ATUAÇÃO,Morfossintaxe,"Identificar, em textos, períodos compostos por orações separadas por vírgula sem a utilização de conectivos, nomeando-os como períodos compostos por coordenação.","BRASIL. Base Nacional Comum Curricular (2018), p. 172–173; BNCC_EI_EF_110518_versaofinal_site.pdf, páginas do PDF 174–175"
644b320e-f579-5f28-b602-725b6082985a,EF06LP08,EF_AF,6,Língua Portuguesa,TODOS OS CAMPOS DE ATUAÇÃO,Morfossintaxe,"Identificar, em texto ou sequência textual, orações como unidades constituídas em torno de um núcleo verbal e períodos como conjunto de orações conectadas.","BRASIL. Base Nacional Comum Curricular (2018), p. 172–173; BNCC_EI_EF_110518_versaofinal_site.pdf, páginas do PDF 174–175"
fdebfb7b-2f07-5a31-847d-d36c6448c974,EF06LP09,EF_AF,6,Língua Portuguesa,TODOS OS CAMPOS DE ATUAÇÃO,Morfossintaxe,"Classificar, em texto ou sequência textual, os períodos simples compostos.","BRASIL. Base Nacional Comum Curricular (2018), p. 172–173; BNCC_EI_EF_110518_versaofinal_site.pdf, páginas do PDF 174–175"
71e2880a-38d5-5d37-8b1f-ba74aba60cd8,EF06LP10,EF_AF,6,Língua Portuguesa,TODOS OS CAMPOS DE ATUAÇÃO,Sintaxe,Identificar sintagmas nominais e verbais como constituintes imediatos da oração.,"BRASIL. Base Nacional Comum Curricular (2018), p. 172–173; BNCC_EI_EF_110518_versaofinal_site.pdf, páginas do PDF 174–175"
3ee18beb-f698-516b-b093-e851abf2352b,EF06LP11,EF_AF,6,Língua Portuguesa,TODOS OS CAMPOS DE ATUAÇÃO,Elementos notacionais da escrita/morfossintaxe,"Utilizar, ao produzir texto, conhecimentos linguísticos e gramaticais: tempos verbais, concordância nominal e verbal, regras ortográficas, pontuação etc.","BRASIL. Base Nacional Comum Curricular (2018), p. 172–173; BNCC_EI_EF_110518_versaofinal_site.pdf, páginas do PDF 174–175"
13a91778-93e7-5f28-b60d-a0a8992aa9ec,EF06LP12,EF_AF,6,Língua Portuguesa,TODOS OS CAMPOS DE ATUAÇÃO,Semântica Coesão,"Utilizar, ao produzir texto, recursos de coesão referencial (nome e pronomes), recursos semânticos de sinonímia, antonímia e homonímia e mecanismos de representação de diferentes vozes (discurso direto e indireto).","BRASIL. Base Nacional Comum Curricular (2018), p. 172–173; BNCC_EI_EF_110518_versaofinal_site.pdf, páginas do PDF 174–175"
64ec3514-a60d-5d39-bf1b-56210b8d8106,EF06MA03,EF_AF,6,Matemática,Números,"Operações (adição, subtração, multiplicação, divisão e potenciação) com números naturais Divisão euclidiana","Resolver e elaborar problemas que envolvam cálculos (mentais ou escritos, exatos ou aproximados) com números naturais, por meio de estratégias variadas, com compreensão dos processos neles envolvidos com e sem uso de calculadora.","BRASIL. Base Nacional Comum Curricular (2018), p. 300–301; BNCC_EI_EF_110518_versaofinal_site.pdf, páginas do PDF 302–303"
ea9f9326-33a2-5274-af83-d0a92ac46d60,EF06MA07,EF_AF,6,Matemática,Números,"Frações: significados (parte/todo, quociente), equivalência, comparação, adição e subtração; cálculo da fração de um número natural; adição e subtração de frações","Compreender, comparar e ordenar frações associadas às ideias de partes de inteiros e resultado de divisão, identificando frações equivalentes.","BRASIL. Base Nacional Comum Curricular (2018), p. 300–301; BNCC_EI_EF_110518_versaofinal_site.pdf, páginas do PDF 302–303"
b36b10b1-b5c2-5f81-af3d-607375eea44a,EF06MA08,EF_AF,6,Matemática,Números,"Frações: significados (parte/todo, quociente), equivalência, comparação, adição e subtração; cálculo da fração de um número natural; adição e subtração de frações","Reconhecer que os números racionais positivos podem ser expressos nas formas fracionária e decimal, estabelecer relações entre essas representações, passando de uma representação para outra, e relacioná-los a pontos na reta numérica.","BRASIL. Base Nacional Comum Curricular (2018), p. 300–301; BNCC_EI_EF_110518_versaofinal_site.pdf, páginas do PDF 302–303"
55b2f8ed-2f9d-580c-9c30-e0dd41605a60,EF06MA09,EF_AF,6,Matemática,Números,"Frações: significados (parte/todo, quociente), equivalência, comparação, adição e subtração; cálculo da fração de um número natural; adição e subtração de frações","Resolver e elaborar problemas que envolvam o cálculo da fração de uma quantidade e cujo resultado seja um número natural, com e sem uso de calculadora.","BRASIL. Base Nacional Comum Curricular (2018), p. 300–301; BNCC_EI_EF_110518_versaofinal_site.pdf, páginas do PDF 302–303"
89d5bd6c-639b-56a1-9bf5-8453f435aff4,EF06MA10,EF_AF,6,Matemática,Números,"Frações: significados (parte/todo, quociente), equivalência, comparação, adição e subtração; cálculo da fração de um número natural; adição e subtração de frações",Resolver e elaborar problemas que envolvam adição ou subtração com números racionais positivos na representação fracionária.,"BRASIL. Base Nacional Comum Curricular (2018), p. 300–301; BNCC_EI_EF_110518_versaofinal_site.pdf, páginas do PDF 302–303"
8a7cc4ac-60d4-516e-a809-b2a9c418ad66,EF06MA11,EF_AF,6,Matemática,Números,"Operações (adição, subtração, multiplicação, divisão e potenciação) com números racionais","Resolver e elaborar problemas com números racionais positivos na representação decimal, envolvendo as quatro operações fundamentais e a potenciação, por meio de estratégias diversas, utilizando estimativas e arredondamentos para verificar a razoabilidade de respostas, com e sem uso de calculadora.","BRASIL. Base Nacional Comum Curricular (2018), p. 300–301; BNCC_EI_EF_110518_versaofinal_site.pdf, páginas do PDF 302–303"
036b2873-ae12-53df-b0b3-b3c5ed4fab9c,EF06MA12,EF_AF,6,Matemática,Números,Aproximação de números para múltiplos de potências de 10,Fazer estimativas de quantidades e aproximar números para múltiplos da potência de 10 mais próxima.,"BRASIL. Base Nacional Comum Curricular (2018), p. 300–301; BNCC_EI_EF_110518_versaofinal_site.pdf, páginas do PDF 302–303"
18610382-75e7-5a52-aa4d-1aa1dcf2e12a,EF06MA13,EF_AF,6,Matemática,Números,"Cálculo de porcentagens por meio de estratégias diversas, sem fazer uso da “regra de três”","Resolver e elaborar problemas que envolvam porcentagens, com base na ideia de proporcionalidade, sem fazer uso da “regra de três”, utilizando estratégias pessoais, cálculo mental e calculadora, em contextos de educação financeira, entre outros.","BRASIL. Base Nacional Comum Curricular (2018), p. 300–301; BNCC_EI_EF_110518_versaofinal_site.pdf, páginas do PDF 302–303"
b59a5cae-8624-5701-bc6f-ddd1e440beff,EF06MA14,EF_AF,6,Matemática,Álgebra,Propriedades da igualdade,"Reconhecer que a relação de igualdade matemática não se altera ao adicionar, subtrair, multiplicar ou dividir os seus dois membros por um mesmo número e utilizar essa noção para determinar valores desconhecidos na resolução de problemas.","BRASIL. Base Nacional Comum Curricular (2018), p. 302–303; BNCC_EI_EF_110518_versaofinal_site.pdf, páginas do PDF 304–305"
6f85bf29-a014-5e48-8fab-014a64f347e5,EF06MA15,EF_AF,6,Matemática,Álgebra,"Problemas que tratam da partição de um todo em duas partes desiguais, envolvendo razões entre as partes e entre uma das partes e o todo","Resolver e elaborar problemas que envolvam a partilha de uma quantidade em duas partes desiguais, envolvendo relações aditivas e multiplicativas, bem como a razão entre as partes e entre uma das partes e o todo.","BRASIL. Base Nacional Comum Curricular (2018), p. 302–303; BNCC_EI_EF_110518_versaofinal_site.pdf, páginas do PDF 304–305"
bf452838-b68b-5ac2-aecc-f08906f6c100,EF06MA24,EF_AF,6,Matemática,Grandezas e medidas,"Problemas sobre medidas envolvendo grandezas como comprimento, massa, tempo, temperatura, área, capacidade e volume","Resolver e elaborar problemas que envolvam as grandezas comprimento, massa, tempo, temperatura, área (triângulos e retângulos), capacidade e volume (sólidos formados por blocos retangulares), sem uso de fórmulas, inseridos, sempre que possível, em contextos oriundos de situações reais e/ou relacionadas às outras áreas do conhecimento.","BRASIL. Base Nacional Comum Curricular (2018), p. 302–303; BNCC_EI_EF_110518_versaofinal_site.pdf, páginas do PDF 304–305"
f99ad991-db35-5455-be7d-c83089d200dc,EF06MA28,EF_AF,6,Matemática,Grandezas e medidas,Plantas baixas e vistas aéreas,"Interpretar, descrever e desenhar plantas baixas simples de residências e vistas aéreas.","BRASIL. Base Nacional Comum Curricular (2018), p. 302–303; BNCC_EI_EF_110518_versaofinal_site.pdf, páginas do PDF 304–305"
ff240509-4485-5e06-a580-3d49749ec84e,EF06MA30,EF_AF,6,Matemática,Probabilidade e estatística,Cálculo de probabilidade como a razão entre o número de resultados favoráveis e o total de resultados possíveis em um espaço amostral equiprovável Cálculo de probabilidade por meio de muitas repetições de um experimento (frequências de ocorrências e probabilidade frequentista),"Calcular a probabilidade de um evento aleatório, expressando-a por número racional (forma fracionária, decimal e percentual) e comparar esse número com a probabilidade obtida por meio de experimentos sucessivos.","BRASIL. Base Nacional Comum Curricular (2018), p. 304–305; BNCC_EI_EF_110518_versaofinal_site.pdf, páginas do PDF 306–307"
df0e816d-b0f4-5356-b0c5-fdbbc09cbaa4,EF06MA31,EF_AF,6,Matemática,Probabilidade e estatística,Leitura e interpretação de tabelas e gráficos (de colunas ou barras simples ou múltiplas) referentes a variáveis categóricas e variáveis numéricas,"Identificar as variáveis e suas frequências e os elementos constitutivos (título, eixos, legendas, fontes e datas) em diferentes tipos de gráfico.","BRASIL. Base Nacional Comum Curricular (2018), p. 304–305; BNCC_EI_EF_110518_versaofinal_site.pdf, páginas do PDF 306–307"
b0246347-1a41-5057-b00a-ad633bfef18a,EF06MA32,EF_AF,6,Matemática,Probabilidade e estatística,Leitura e interpretação de tabelas e gráficos (de colunas ou barras simples ou múltiplas) referentes a variáveis categóricas e variáveis numéricas,"Interpretar e resolver situações que envolvam dados de pesquisas sobre contextos ambientais, sustentabilidade, trânsito, consumo responsável, entre outros, apresentadas pela mídia em tabelas e em diferentes tipos de gráficos e redigir textos escritos com o objetivo de sintetizar conclusões.","BRASIL. Base Nacional Comum Curricular (2018), p. 304–305; BNCC_EI_EF_110518_versaofinal_site.pdf, páginas do PDF 306–307"
4c61100d-0170-5889-86fe-04b36058c5ae,EF06MA33,EF_AF,6,Matemática,Probabilidade e estatística,"Coleta de dados, organização e registro Construção de diferentes tipos de gráficos para representá-los e interpretação das informações","Planejar e coletar dados de pesquisa referente a práticas sociais escolhidas pelos alunos e fazer uso de planilhas eletrônicas para registro, representação e interpretação das informações, em tabelas, vários tipos de gráficos e texto.","BRASIL. Base Nacional Comum Curricular (2018), p. 304–305; BNCC_EI_EF_110518_versaofinal_site.pdf, páginas do PDF 306–307"
569f3bbc-bcf7-56ae-91b2-562ecb1e4196,EF06MA34,EF_AF,6,Matemática,Probabilidade e estatística,Diferentes tipos de representação de informações: gráficos e fluxogramas,"Interpretar e desenvolver fluxogramas simples, identificando as relações entre os objetos representados (por exemplo, posição de cidades considerando as estradas que as unem, hierarquia dos funcionários de uma empresa etc.).","BRASIL. Base Nacional Comum Curricular (2018), p. 304–305; BNCC_EI_EF_110518_versaofinal_site.pdf, páginas do PDF 306–307"
a00edd18-7139-5b28-91e7-11cbb5deca31,EF07CI05,EF_AF,7,Ciências,Matéria e energia,Máquinas simples Formas de propagação do calor Equilíbrio termodinâmico e vida na Terra História dos combustíveis e das máquinas térmicas,"Discutir o uso de diferentes tipos de combustível e máquinas térmicas ao longo do tempo, para avaliar avanços, questões econômicas e problemas socioambientais causados pela produção e uso desses materiais e máquinas.","BRASIL. Base Nacional Comum Curricular (2018), p. 346–347; BNCC_EI_EF_110518_versaofinal_site.pdf, páginas do PDF 348–349"
5a2e2368-a61e-52d7-9f6a-4ac1927d561f,EF07CI06,EF_AF,7,Ciências,Matéria e energia,Máquinas simples Formas de propagação do calor Equilíbrio termodinâmico e vida na Terra História dos combustíveis e das máquinas térmicas,"Discutir e avaliar mudanças econômicas, culturais e sociais, tanto na vida cotidiana quanto no mundo do trabalho, decorrentes do desenvolvimento de novos materiais e tecnologias (como automação e informatização).","BRASIL. Base Nacional Comum Curricular (2018), p. 346–347; BNCC_EI_EF_110518_versaofinal_site.pdf, páginas do PDF 348–349"
b579d859-c8c9-528e-9ace-c18cf570c7e1,EF07CI07,EF_AF,7,Ciências,Vida e evolução,Diversidade de ecossistemas Fenômenos naturais e impactos ambientais Programas e indicadores de saúde pública,"Caracterizar os principais ecossistemas brasileiros quanto à paisagem, à quantidade de água, ao tipo de solo, à disponibilidade de luz solar, à temperatura etc., correlacionando essas características à flora e fauna específicas.","BRASIL. Base Nacional Comum Curricular (2018), p. 346–347; BNCC_EI_EF_110518_versaofinal_site.pdf, páginas do PDF 348–349"
0ce7da8d-f99a-58c6-8d5a-8601869b2a90,EF07CI08,EF_AF,7,Ciências,Vida e evolução,Diversidade de ecossistemas Fenômenos naturais e impactos ambientais Programas e indicadores de saúde pública,"Avaliar como os impactos provocados por catástrofes naturais ou mudanças nos componentes físicos, biológicos ou sociais de um ecossistema afetam suas populações, podendo ameaçar ou provocar a extinção de espécies, alteração de hábitos, migração etc.","BRASIL. Base Nacional Comum Curricular (2018), p. 346–347; BNCC_EI_EF_110518_versaofinal_site.pdf, páginas do PDF 348–349"
1d7e25af-8b5d-5bfd-bbc3-1560e2c6f2f6,EF07CI09,EF_AF,7,Ciências,Vida e evolução,Diversidade de ecossistemas Fenômenos naturais e impactos ambientais Programas e indicadores de saúde pública,"Interpretar as condições de saúde da comunidade, cidade ou estado, com base na análise e comparação de indicadores de saúde (como taxa de mortalidade infantil, cobertura de saneamento básico e incidência de doenças de veiculação hídrica, atmosférica entre outras) e dos resultados de políticas públicas destinadas à saúde.","BRASIL. Base Nacional Comum Curricular (2018), p. 346–347; BNCC_EI_EF_110518_versaofinal_site.pdf, páginas do PDF 348–349"
d2c093df-5579-5928-8dd3-314a7c3352ed,EF07CI10,EF_AF,7,Ciências,Vida e evolução,Diversidade de ecossistemas Fenômenos naturais e impactos ambientais Programas e indicadores de saúde pública,"Argumentar sobre a importância da vacinação para a saúde pública, com base em informações sobre a maneira como a vacina atua no organismo e o papel histórico da vacinação para a manutenção da saúde individual e coletiva e para a erradicação de doenças.","BRASIL. Base Nacional Comum Curricular (2018), p. 346–347; BNCC_EI_EF_110518_versaofinal_site.pdf, páginas do PDF 348–349"
72cf2c78-c7b1-5eb5-b0c1-63a4b1691fdf,EF07CI11,EF_AF,7,Ciências,Vida e evolução,Diversidade de ecossistemas Fenômenos naturais e impactos ambientais Programas e indicadores de saúde pública,"Analisar historicamente o uso da tecnologia, incluindo a digital, nas diferentes dimensões da vida humana, considerando indicadores ambientais e de qualidade de vida.","BRASIL. Base Nacional Comum Curricular (2018), p. 346–347; BNCC_EI_EF_110518_versaofinal_site.pdf, páginas do PDF 348–349"
12fa8703-2f84-5f0a-af44-406a33d139ce,EF07CI12,EF_AF,7,Ciências,Terra e Universo,"Composição do ar Efeito estufa Camada de ozônio Fenômenos naturais (vulcões, terremotos e tsunamis) Placas tectônicas e deriva continental","Demonstrar que o ar é uma mistura de gases, identificando sua composição, e discutir fenômenos naturais ou antrópicos que podem alterar essa composição.","BRASIL. Base Nacional Comum Curricular (2018), p. 346–347; BNCC_EI_EF_110518_versaofinal_site.pdf, páginas do PDF 348–349"
be54f751-0b2f-5857-b84c-0d7d768c902b,EF07CI13,EF_AF,7,Ciências,Terra e Universo,"Composição do ar Efeito estufa Camada de ozônio Fenômenos naturais (vulcões, terremotos e tsunamis) Placas tectônicas e deriva continental","Descrever o mecanismo natural do efeito estufa, seu papel fundamental para o desenvolvimento da vida na Terra, discutir as ações humanas responsáveis pelo seu aumento artificial (queima dos combustíveis fósseis, desmatamento, queimadas etc.) e selecionar e implementar propostas para a reversão ou controle desse quadro.","BRASIL. Base Nacional Comum Curricular (2018), p. 346–347; BNCC_EI_EF_110518_versaofinal_site.pdf, páginas do PDF 348–349"
1d60661b-99c9-51f4-9855-62e0865c432a,EF07CI14,EF_AF,7,Ciências,Terra e Universo,"Composição do ar Efeito estufa Camada de ozônio Fenômenos naturais (vulcões, terremotos e tsunamis) Placas tectônicas e deriva continental","Justificar a importância da camada de ozônio para a vida na Terra, identificando os fatores que aumentam ou diminuem sua presença na atmosfera, e discutir propostas individuais e coletivas para sua preservação.","BRASIL. Base Nacional Comum Curricular (2018), p. 346–347; BNCC_EI_EF_110518_versaofinal_site.pdf, páginas do PDF 348–349"
6d38512b-1caa-52a7-b462-427261408502,EF07ER03,EF_AF,7,Ensino Religioso,Manifestações religiosas,Lideranças religiosas,Reconhecer os papéis atribuídos às lideranças de diferentes tradições religiosas.,"BRASIL. Base Nacional Comum Curricular (2018), p. 454–455; BNCC_EI_EF_110518_versaofinal_site.pdf, páginas do PDF 456–457"
9ff88b7d-9335-5c37-915d-03df1de5ffb3,EF07ER04,EF_AF,7,Ensino Religioso,Manifestações religiosas,Lideranças religiosas,Exemplificar líderes religiosos que se destacaram por suas contribuições à sociedade.,"BRASIL. Base Nacional Comum Curricular (2018), p. 454–455; BNCC_EI_EF_110518_versaofinal_site.pdf, páginas do PDF 456–457"
77bbc50a-5c6f-5e86-9ba5-a80a27560f2b,EF07ER05,EF_AF,7,Ensino Religioso,Manifestações religiosas,Lideranças religiosas,Discutir estratégias que promovam a convivência ética e respeitosa entre as religiões.,"BRASIL. Base Nacional Comum Curricular (2018), p. 454–455; BNCC_EI_EF_110518_versaofinal_site.pdf, páginas do PDF 456–457"
67fec833-084e-5ec7-b1e7-2f3f1c89a580,EF07ER06,EF_AF,7,Ensino Religioso,Crenças religiosas e filosofias de vida,Princípios éticos e valores religiosos,"Identificar princípios éticos em diferentes tradições religiosas e filosofias de vida, discutindo como podem influenciar condutas pessoais e práticas sociais.","BRASIL. Base Nacional Comum Curricular (2018), p. 454–455; BNCC_EI_EF_110518_versaofinal_site.pdf, páginas do PDF 456–457"
b657acee-c2ba-5a48-83f9-c7c2d7873b37,EF07ER07,EF_AF,7,Ensino Religioso,Crenças religiosas e filosofias de vida,Liderança e direitos humanos,Identificar e discutir o papel das lideranças religiosas e seculares na defesa e promoção dos direitos humanos.,"BRASIL. Base Nacional Comum Curricular (2018), p. 454–455; BNCC_EI_EF_110518_versaofinal_site.pdf, páginas do PDF 456–457"
183f4f0e-0cdd-58b2-a95a-26690442bc6f,EF07ER08,EF_AF,7,Ensino Religioso,Crenças religiosas e filosofias de vida,Liderança e direitos humanos,"Reconhecer o direito à liberdade de consciência, crença ou convicção, questionando concepções e práticas sociais que a violam.","BRASIL. Base Nacional Comum Curricular (2018), p. 454–455; BNCC_EI_EF_110518_versaofinal_site.pdf, páginas do PDF 456–457"
aedbdc0c-6301-5838-a547-62d0016bf1c9,EF07GE01,EF_AF,7,Geografia,O sujeito e seu lugar no mundo,Ideias e concepções sobre a formação territorial do Brasil,"Avaliar, por meio de exemplos extraídos dos meios de comunicação, ideias e estereótipos acerca das paisagens e da formação territorial do Brasil.","BRASIL. Base Nacional Comum Curricular (2018), p. 386–387; BNCC_EI_EF_110518_versaofinal_site.pdf, páginas do PDF 388–389"
0e1bc002-1cf0-59fb-90c9-0311a66cde42,EF07GE02,EF_AF,7,Geografia,Conexões e escalas,Formação territorial do Brasil,"Analisar a influência dos fluxos econômicos e populacionais na formação socioeconômica e territorial do Brasil, compreendendo os conflitos e as tensões históricas e contemporâneas.","BRASIL. Base Nacional Comum Curricular (2018), p. 386–387; BNCC_EI_EF_110518_versaofinal_site.pdf, páginas do PDF 388–389"
31a70609-df41-5fab-8b3f-30cf54f6b83b,EF07GE03,EF_AF,7,Geografia,Conexões e escalas,Formação territorial do Brasil,"Selecionar argumentos que reconheçam as territorialidades dos povos indígenas originários, das comunidades remanescentes de quilombos, de povos das florestas e do cerrado, de ribeirinhos e caiçaras, entre outros grupos sociais do campo e da cidade, como direitos legais dessas comunidades.","BRASIL. Base Nacional Comum Curricular (2018), p. 386–387; BNCC_EI_EF_110518_versaofinal_site.pdf, páginas do PDF 388–389"
98ddd0f3-e685-50ba-9eae-2258976ca12a,EF07GE04,EF_AF,7,Geografia,Conexões e escalas,Características da população brasileira,"Analisar a distribuição territorial da população brasileira, considerando a diversidade étnico-cultural (indígena, africana, europeia e asiática), assim como aspectos de renda, sexo e idade nas regiões brasileiras.","BRASIL. Base Nacional Comum Curricular (2018), p. 386–387; BNCC_EI_EF_110518_versaofinal_site.pdf, páginas do PDF 388–389"
e6e46136-dda0-5355-b9e3-cdc0e25cddb1,EF07GE05,EF_AF,7,Geografia,Mundo do trabalho,"Produção, circulação e consumo de mercadorias",Analisar fatos e situações representativas das alterações ocorridas entre o período mercantilista e o advento do capitalismo.,"BRASIL. Base Nacional Comum Curricular (2018), p. 386–387; BNCC_EI_EF_110518_versaofinal_site.pdf, páginas do PDF 388–389"
3d69fb5f-127d-547f-a811-7027dde08d21,EF07GE06,EF_AF,7,Geografia,Mundo do trabalho,"Produção, circulação e consumo de mercadorias","Discutir em que medida a produção, a circulação e o consumo de mercadorias provocam impactos ambientais, assim como influem na distribuição de riquezas, em diferentes lugares.","BRASIL. Base Nacional Comum Curricular (2018), p. 386–387; BNCC_EI_EF_110518_versaofinal_site.pdf, páginas do PDF 388–389"
58683928-edfe-5da6-9cce-c041421611ab,EF07GE07,EF_AF,7,Geografia,Mundo do trabalho,Desigualdade social e o trabalho,Analisar a influência e o papel das redes de transporte e comunicação na configuração do território brasileiro.,"BRASIL. Base Nacional Comum Curricular (2018), p. 386–387; BNCC_EI_EF_110518_versaofinal_site.pdf, páginas do PDF 388–389"
d45b77c6-931b-5e76-ad05-d5966350a184,EF07GE08,EF_AF,7,Geografia,Mundo do trabalho,Desigualdade social e o trabalho,Estabelecer relações entre os processos de industrialização e inovação tecnológica com as transformações socioeconômicas do território brasileiro.,"BRASIL. Base Nacional Comum Curricular (2018), p. 386–387; BNCC_EI_EF_110518_versaofinal_site.pdf, páginas do PDF 388–389"
7e421641-6f66-577f-8542-cd6022a4a264,EF07GE09,EF_AF,7,Geografia,Formas de representação e pensamento espacial,Mapas temáticos do Brasil,"Interpretar e elaborar mapas temáticos e históricos, inclusive utilizando tecnologias digitais, com informações demográficas e econômicas do Brasil (cartogramas), identificando padrões espaciais, regionalizações e analogias espaciais.","BRASIL. Base Nacional Comum Curricular (2018), p. 386–387; BNCC_EI_EF_110518_versaofinal_site.pdf, páginas do PDF 388–389"
ec350627-69ec-5cd7-befe-bf909954b4c0,EF07GE10,EF_AF,7,Geografia,Formas de representação e pensamento espacial,Mapas temáticos do Brasil,"Elaborar e interpretar gráficos de barras, gráficos de setores e histogramas, com base em dados socioeconômicos das regiões brasileiras.","BRASIL. Base Nacional Comum Curricular (2018), p. 386–387; BNCC_EI_EF_110518_versaofinal_site.pdf, páginas do PDF 388–389"
a4f7efac-3e5c-5803-a900-aaa1e28f7da3,EF07GE11,EF_AF,7,Geografia,"Natureza, ambientes e qualidade de vida",Biodiversidade brasileira,"Caracterizar dinâmicas dos componentes físico-naturais no território nacional, bem como sua distribuição e biodiversidade (Florestas Tropicais, Cerrados, Caatingas, Campos Sulinos e Matas de Araucária).","BRASIL. Base Nacional Comum Curricular (2018), p. 386–387; BNCC_EI_EF_110518_versaofinal_site.pdf, páginas do PDF 388–389"
3b4459a9-8319-539a-8b13-01ff4d9519ce,EF07GE12,EF_AF,7,Geografia,"Natureza, ambientes e qualidade de vida",Biodiversidade brasileira,"Comparar unidades de conservação existentes no Município de residência e em outras localidades brasileiras, com base na organização do Sistema Nacional de Unidades de Conservação (SNUC).","BRASIL. Base Nacional Comum Curricular (2018), p. 386–387; BNCC_EI_EF_110518_versaofinal_site.pdf, páginas do PDF 388–389"
3e025dbf-1219-55b5-b859-57f9e0a602a6,EF07HI01,EF_AF,7,História,"O mundo moderno e a conexão entre sociedades africanas, americanas e europeias",A construção da ideia de modernidade e seus impactos na concepção de História A ideia de “Novo Mundo” ante o Mundo Antigo: permanências e rupturas de saberes e práticas na emergência do mundo moderno,"Explicar o significado de “modernidade” e suas lógicas de inclusão e exclusão, com base em uma concepção europeia.","BRASIL. Base Nacional Comum Curricular (2018), p. 422–423; BNCC_EI_EF_110518_versaofinal_site.pdf, páginas do PDF 424–425"
85fc10d9-407b-50cb-83d7-72962f7d9a77,EF07HI02,EF_AF,7,História,"O mundo moderno e a conexão entre sociedades africanas, americanas e europeias",A construção da ideia de modernidade e seus impactos na concepção de História A ideia de “Novo Mundo” ante o Mundo Antigo: permanências e rupturas de saberes e práticas na emergência do mundo moderno,"Identificar conexões e interações entre as sociedades do Novo Mundo, da Europa, da África e da Ásia no contexto das navegações e indicar a complexidade e as interações que ocorrem nos Oceanos Atlântico, Índico e Pacífico.","BRASIL. Base Nacional Comum Curricular (2018), p. 422–423; BNCC_EI_EF_110518_versaofinal_site.pdf, páginas do PDF 424–425"
f592b152-deaf-5560-873d-caccc3c8cfc2,EF07HI03,EF_AF,7,História,"O mundo moderno e a conexão entre sociedades africanas, americanas e europeias",Saberes dos povos africanos e pré-colombianos expressos na cultura material e imaterial,"Identificar aspectos e processos específicos das sociedades africanas e americanas antes da chegada dos europeus, com destaque para as formas de organização social e o desenvolvimento de saberes e técnicas.","BRASIL. Base Nacional Comum Curricular (2018), p. 422–423; BNCC_EI_EF_110518_versaofinal_site.pdf, páginas do PDF 424–425"
a755cc66-3a0b-5651-8dbb-d45f0d0f8aa7,EF07HI04,EF_AF,7,História,"Humanismos, Renascimentos e o Novo Mundo",Humanismos: uma nova visão de ser humano e de mundo Renascimentos artísticos e culturais,Identificar as principais características dos Humanismos e dos Renascimentos e analisar seus significados.,"BRASIL. Base Nacional Comum Curricular (2018), p. 422–423; BNCC_EI_EF_110518_versaofinal_site.pdf, páginas do PDF 424–425"
acb77ae9-80e4-58d2-b354-ebf9c8a2062d,EF07HI05,EF_AF,7,História,"Humanismos, Renascimentos e o Novo Mundo",Reformas religiosas: a cristandade fragmentada,Identificar e relacionar as vinculações entre as reformas religiosas e os processos culturais e sociais do período moderno na Europa e na América.,"BRASIL. Base Nacional Comum Curricular (2018), p. 422–423; BNCC_EI_EF_110518_versaofinal_site.pdf, páginas do PDF 424–425"
335bf74f-9ea5-5aef-be45-b5ea05fa9352,EF07HI06,EF_AF,7,História,"Humanismos, Renascimentos e o Novo Mundo",As descobertas científicas e a expansão marítima,Comparar as navegações no Atlântico e no Pacífico entre os séculos XIV e XVI.,"BRASIL. Base Nacional Comum Curricular (2018), p. 422–423; BNCC_EI_EF_110518_versaofinal_site.pdf, páginas do PDF 424–425"
d6a1a6f8-634d-5220-aadc-d93d2c3cf1fe,EF07HI07,EF_AF,7,História,A organização do poder e as dinâmicas do mundo colonial americano,A formação e o funcionamento das monarquias europeias: a lógica da centralização política e os conflitos na Europa,Descrever os processos de formação e consolidação das monarquias e suas principais características com vistas à compreensão das razões da centralização política.,"BRASIL. Base Nacional Comum Curricular (2018), p. 422–423; BNCC_EI_EF_110518_versaofinal_site.pdf, páginas do PDF 424–425"
cc918570-32da-5e4f-9d27-8be071fa39e1,EF07HI08,EF_AF,7,História,A organização do poder e as dinâmicas do mundo colonial americano,"A conquista da América e as formas de organização política dos indígenas e europeus: conflitos, dominação e conciliação","Descrever as formas de organização das sociedades americanas no tempo da conquista com vistas à compreensão dos mecanismos de alianças, confrontos e resistências.","BRASIL. Base Nacional Comum Curricular (2018), p. 422–423; BNCC_EI_EF_110518_versaofinal_site.pdf, páginas do PDF 424–425"
1f89dc05-2918-5f92-b426-19bef7ccbae9,EF07HI09,EF_AF,7,História,A organização do poder e as dinâmicas do mundo colonial americano,"A conquista da América e as formas de organização política dos indígenas e europeus: conflitos, dominação e conciliação",Analisar os diferentes impactos da conquista europeia da América para as populações ameríndias e identificar as formas de resistência.,"BRASIL. Base Nacional Comum Curricular (2018), p. 422–423; BNCC_EI_EF_110518_versaofinal_site.pdf, páginas do PDF 424–425"
890e2703-4dd8-5d7c-91db-766b18bfe5bf,EF07HI10,EF_AF,7,História,A organização do poder e as dinâmicas do mundo colonial americano,"A estruturação dos vice-reinos nas Américas Resistências indígenas, invasões e expansão na América portuguesa","Analisar, com base em documentos históricos, diferentes interpretações sobre as dinâmicas das sociedades americanas no período colonial.","BRASIL. Base Nacional Comum Curricular (2018), p. 422–423; BNCC_EI_EF_110518_versaofinal_site.pdf, páginas do PDF 424–425"
5fb86181-0aad-5e40-8aa0-58540a39a250,EF07HI11,EF_AF,7,História,A organização do poder e as dinâmicas do mundo colonial americano,"A estruturação dos vice-reinos nas Américas Resistências indígenas, invasões e expansão na América portuguesa",Analisar a formação histórico-geográfica do território da América portuguesa por meio de mapas históricos.,"BRASIL. Base Nacional Comum Curricular (2018), p. 422–423; BNCC_EI_EF_110518_versaofinal_site.pdf, páginas do PDF 424–425"
ded015ba-3847-5814-b3d2-d00d3305d94a,EF07HI12,EF_AF,7,História,A organização do poder e as dinâmicas do mundo colonial americano,"A estruturação dos vice-reinos nas Américas Resistências indígenas, invasões e expansão na América portuguesa","Identificar a distribuição territorial da população brasileira em diferentes épocas, considerando a diversidade étnico-racial e étnico-cultural (indígena, africana, europeia e asiática).","BRASIL. Base Nacional Comum Curricular (2018), p. 422–423; BNCC_EI_EF_110518_versaofinal_site.pdf, páginas do PDF 424–425"
27f6bc61-3967-530d-a740-6a5914091c3d,EF07HI13,EF_AF,7,História,Lógicas comerciais e mercantis da modernidade,As lógicas mercantis e o domínio europeu sobre os mares e o contraponto Oriental,Caracterizar a ação dos europeus e suas lógicas mercantis visando ao domínio no mundo atlântico.,"BRASIL. Base Nacional Comum Curricular (2018), p. 422–423; BNCC_EI_EF_110518_versaofinal_site.pdf, páginas do PDF 424–425"
5890c029-d645-58e6-9366-1f12976161ed,EF07HI14,EF_AF,7,História,Lógicas comerciais e mercantis da modernidade,As lógicas mercantis e o domínio europeu sobre os mares e o contraponto Oriental,Descrever as dinâmicas comerciais das sociedades americanas e africanas e analisar suas interações com outras sociedades do Ocidente e do Oriente.,"BRASIL. Base Nacional Comum Curricular (2018), p. 422–423; BNCC_EI_EF_110518_versaofinal_site.pdf, páginas do PDF 424–425"
e7c757d4-7219-5e08-991c-415ac7913a62,EF07HI15,EF_AF,7,História,Lógicas comerciais e mercantis da modernidade,As lógicas internas das sociedades africanas As formas de organização das sociedades ameríndias A escravidão moderna e o tráfico de escravizados,Discutir o conceito de escravidão moderna e suas distinções em relação ao escravismo antigo e à servidão medieval.,"BRASIL. Base Nacional Comum Curricular (2018), p. 422–423; BNCC_EI_EF_110518_versaofinal_site.pdf, páginas do PDF 424–425"
9c297bb5-e5af-5e52-a5ae-aa9034979f75,EF07HI16,EF_AF,7,História,Lógicas comerciais e mercantis da modernidade,As lógicas internas das sociedades africanas As formas de organização das sociedades ameríndias A escravidão moderna e o tráfico de escravizados,"Analisar os mecanismos e as dinâmicas de comércio de escravizados em suas diferentes fases, identificando os agentes responsáveis pelo tráfico e as regiões e zonas africanas de procedência dos escravizados.","BRASIL. Base Nacional Comum Curricular (2018), p. 422–423; BNCC_EI_EF_110518_versaofinal_site.pdf, páginas do PDF 424–425"
13c37688-b4e7-5973-91aa-4dd4af454b83,EF07HI17,EF_AF,7,História,Lógicas comerciais e mercantis da modernidade,A emergência do capitalismo,Discutir as razões da passagem do mercantilismo para o capitalismo.,"BRASIL. Base Nacional Comum Curricular (2018), p. 422–423; BNCC_EI_EF_110518_versaofinal_site.pdf, páginas do PDF 424–425"
9db46953-0442-5198-b2e6-c2916b9630fa,EF07LI03,EF_AF,7,Língua Inglesa,Compreensão oral,Estratégias de compreensão de textos orais: conhecimentos prévios,Mobilizar conhecimentos prévios para compreender texto oral.,"BRASIL. Base Nacional Comum Curricular (2018), p. 252–253; BNCC_EI_EF_110518_versaofinal_site.pdf, páginas do PDF 254–255"
2107d00e-8818-538d-b6e9-0400edb973ca,EF07LI04,EF_AF,7,Língua Inglesa,Compreensão oral,Compreensão de textos orais de cunho descritivo ou narrativo,"Identificar o contexto, a finalidade, o assunto e os interlocutores em textos orais presentes no cinema, na internet, na televisão, entre outros.","BRASIL. Base Nacional Comum Curricular (2018), p. 252–253; BNCC_EI_EF_110518_versaofinal_site.pdf, páginas do PDF 254–255"
cc943342-9ae5-51dd-b662-554a4d941d46,EF07LI05,EF_AF,7,Língua Inglesa,Produção oral,"Produção de textos orais, com mediação do professor","Compor, em língua inglesa, narrativas orais sobre fatos, acontecimentos e personalidades marcantes do passado.","BRASIL. Base Nacional Comum Curricular (2018), p. 252–253; BNCC_EI_EF_110518_versaofinal_site.pdf, páginas do PDF 254–255"
2a822cd4-71c5-5042-9985-98a5d15530f6,EF07LI06,EF_AF,7,Língua Inglesa,Estratégias de leitura,"Compreensão geral e específica: leitura rápida (skimming, scanning)","Antecipar o sentido global de textos em língua inglesa por inferências, com base em leitura rápida, observando títulos, primeiras e últimas frases de parágrafos e palavras-chave repetidas.","BRASIL. Base Nacional Comum Curricular (2018), p. 252–253; BNCC_EI_EF_110518_versaofinal_site.pdf, páginas do PDF 254–255"
a07ff4d3-50ff-5d76-8e28-3e5e4df7733f,EF07LI07,EF_AF,7,Língua Inglesa,Estratégias de leitura,"Compreensão geral e específica: leitura rápida (skimming, scanning)",Identificar a(s) informação(ões)-chave de partes de um texto em língua inglesa (parágrafos).,"BRASIL. Base Nacional Comum Curricular (2018), p. 252–253; BNCC_EI_EF_110518_versaofinal_site.pdf, páginas do PDF 254–255"
aff86f14-96f6-5ce7-a75c-07d1a1d4d180,EF07LI08,EF_AF,7,Língua Inglesa,Estratégias de leitura,Construção do sentido global do texto,Relacionar as partes de um texto (parágrafos) para construir seu sentido global.,"BRASIL. Base Nacional Comum Curricular (2018), p. 252–253; BNCC_EI_EF_110518_versaofinal_site.pdf, páginas do PDF 254–255"
5e93b624-b9a3-5c9a-8a32-21618ec96858,EF07LI09,EF_AF,7,Língua Inglesa,Práticas de leitura e pesquisa,Objetivos de leitura,"Selecionar, em um texto, a informação desejada como objetivo de leitura.","BRASIL. Base Nacional Comum Curricular (2018), p. 252–253; BNCC_EI_EF_110518_versaofinal_site.pdf, páginas do PDF 254–255"
3d3d14d0-8226-521b-89c1-2391503ff6a6,EF07LI10,EF_AF,7,Língua Inglesa,Práticas de leitura e pesquisa,Leitura de textos digitais para estudo,"Escolher, em ambientes virtuais, textos em língua inglesa, de fontes confiáveis, para estudos/pesquisas escolares.","BRASIL. Base Nacional Comum Curricular (2018), p. 252–253; BNCC_EI_EF_110518_versaofinal_site.pdf, páginas do PDF 254–255"
7107020e-7ae9-583b-ad77-9d4a5c8f8e76,EF07LI11,EF_AF,7,Língua Inglesa,Atitudes e disposições favoráveis do leitor,Partilha de leitura,"Participar de troca de opiniões e informações sobre textos, lidos na sala de aula ou em outros ambientes.","BRASIL. Base Nacional Comum Curricular (2018), p. 252–253; BNCC_EI_EF_110518_versaofinal_site.pdf, páginas do PDF 254–255"
3e361b7e-b5d8-59e2-9f3a-56043fd67ab6,EF07LI12,EF_AF,7,Língua Inglesa,Estratégias de escrita: pré-escrita e escrita,"Pré-escrita: planejamento de produção escrita, com mediação do professor","Planejar a escrita de textos em função do contexto (público, finalidade, layout e suporte).","BRASIL. Base Nacional Comum Curricular (2018), p. 254–255; BNCC_EI_EF_110518_versaofinal_site.pdf, páginas do PDF 256–257"
ad19977d-5c1b-51d0-aa3e-935d1e0f0b74,EF07LI13,EF_AF,7,Língua Inglesa,Estratégias de escrita: pré-escrita e escrita,"Escrita: organização em parágrafos ou tópicos, com mediação do professor","Organizar texto em unidades de sentido, dividindo-o em parágrafos ou tópicos e subtópicos, explorando as possibilidades de organização gráfica, de suporte e de formato do texto.","BRASIL. Base Nacional Comum Curricular (2018), p. 254–255; BNCC_EI_EF_110518_versaofinal_site.pdf, páginas do PDF 256–257"
c278e135-416e-58e1-9a5b-1b6258100342,EF07LI14,EF_AF,7,Língua Inglesa,Práticas de escrita,"Produção de textos escritos, em formatos diversos, com mediação do professor","Produzir textos diversos sobre fatos, acontecimentos e personalidades do passado (linha do tempo/timelines, biografias, verbetes de enciclopédias, blogues, entre outros).","BRASIL. Base Nacional Comum Curricular (2018), p. 254–255; BNCC_EI_EF_110518_versaofinal_site.pdf, páginas do PDF 256–257"
a34c5a27-8018-5d81-afd5-67b26621f24a,EF07LI17,EF_AF,7,Língua Inglesa,Estudo do léxico,Polissemia,Explorar o caráter polissêmico de palavras de acordo com o contexto de uso.,"BRASIL. Base Nacional Comum Curricular (2018), p. 254–255; BNCC_EI_EF_110518_versaofinal_site.pdf, páginas do PDF 256–257"
037b4396-451c-5ff6-8031-5873a1b1a2e5,EF07LI21,EF_AF,7,Língua Inglesa,A língua inglesa no mundo,A língua inglesa como língua global na sociedade contemporânea,Analisar o alcance da língua inglesa e os seus contextos de uso no mundo globalizado.,"BRASIL. Base Nacional Comum Curricular (2018), p. 254–255; BNCC_EI_EF_110518_versaofinal_site.pdf, páginas do PDF 256–257"
88040468-495d-54c2-bb11-70c03e068f58,EF07LI22,EF_AF,7,Língua Inglesa,Comunicação intercultural,Variação linguística,"Explorar modos de falar em língua inglesa, refutando preconceitos e reconhecendo a variação linguística como fenômeno natural das línguas.","BRASIL. Base Nacional Comum Curricular (2018), p. 254–255; BNCC_EI_EF_110518_versaofinal_site.pdf, páginas do PDF 256–257"
3d160c3c-f0a0-5640-9c95-61079af7e524,EF07LI23,EF_AF,7,Língua Inglesa,Comunicação intercultural,Variação linguística,Reconhecer a variação linguística como manifestação de formas de pensar e expressar o mundo.,"BRASIL. Base Nacional Comum Curricular (2018), p. 254–255; BNCC_EI_EF_110518_versaofinal_site.pdf, páginas do PDF 256–257"
92916b27-2541-56d5-bc98-a31294c0beb2,EF07LP01,EF_AF,7,Língua Portuguesa,CAMPO JORNALÍSTICO-MIDIÁTICO,"Reconstrução do contexto de produção, circulação e recepção de textos Caracterização do campo jornalístico e relação entre os gêneros em circulação, mídias e práticas da cultura digital","Distinguir diferentes propostas editoriais – sensacionalismo, jornalismo investigativo etc. –, de forma a identificar os recursos utilizados para impactar/chocar o leitor que podem comprometer uma análise crítica da notícia e do fato noticiado.","BRASIL. Base Nacional Comum Curricular (2018), p. 162–163; BNCC_EI_EF_110518_versaofinal_site.pdf, páginas do PDF 164–165"
0d07c3ee-dd02-5d1b-912a-4d29c3c45313,EF07LP02,EF_AF,7,Língua Portuguesa,CAMPO JORNALÍSTICO-MIDIÁTICO,"Reconstrução do contexto de produção, circulação e recepção de textos Caracterização do campo jornalístico e relação entre os gêneros em circulação, mídias e práticas da cultura digital","Comparar notícias e reportagens sobre um mesmo fato divulgadas em diferentes mídias, analisando as especificidades das mídias, os processos de (re)elaboração dos textos e a convergência das mídias em notícias ou reportagens multissemióticas.","BRASIL. Base Nacional Comum Curricular (2018), p. 162–163; BNCC_EI_EF_110518_versaofinal_site.pdf, páginas do PDF 164–165"
f09c13cd-4edc-54bf-ac79-7e8074d83759,EF07LP03,EF_AF,7,Língua Portuguesa,TODOS OS CAMPOS DE ATUAÇÃO,Léxico/morfologia,"Formar, com base em palavras primitivas, palavras derivadas com os prefixos e sufixos mais produtivos no português.","BRASIL. Base Nacional Comum Curricular (2018), p. 170–171; BNCC_EI_EF_110518_versaofinal_site.pdf, páginas do PDF 172–173"
1826eb77-576a-5c4c-8d21-79c8d1d5ae35,EF07LP04,EF_AF,7,Língua Portuguesa,TODOS OS CAMPOS DE ATUAÇÃO,Morfossintaxe,"Reconhecer, em textos, o verbo como o núcleo das orações.","BRASIL. Base Nacional Comum Curricular (2018), p. 170–171; BNCC_EI_EF_110518_versaofinal_site.pdf, páginas do PDF 172–173"
fefb3f83-d606-56bd-abe2-aa635068cc57,EF07LP05,EF_AF,7,Língua Portuguesa,TODOS OS CAMPOS DE ATUAÇÃO,Morfossintaxe,"Identificar, em orações de textos lidos ou de produção própria, verbos de predicação completa e incompleta: intransitivos e transitivos.","BRASIL. Base Nacional Comum Curricular (2018), p. 170–171; BNCC_EI_EF_110518_versaofinal_site.pdf, páginas do PDF 172–173"
2654a3fc-094d-5757-8069-52a04bff166a,EF07LP06,EF_AF,7,Língua Portuguesa,TODOS OS CAMPOS DE ATUAÇÃO,Morfossintaxe,Empregar as regras básicas de concordância nominal e verbal em situações comunicativas e na produção de textos.,"BRASIL. Base Nacional Comum Curricular (2018), p. 170–171; BNCC_EI_EF_110518_versaofinal_site.pdf, páginas do PDF 172–173"
bf4a4c27-643a-577b-8321-c4d4338399f1,EF07LP07,EF_AF,7,Língua Portuguesa,TODOS OS CAMPOS DE ATUAÇÃO,Morfossintaxe,"Identificar, em textos lidos ou de produção própria, a estrutura básica da oração: sujeito, predicado, complemento (objetos direto e indireto).","BRASIL. Base Nacional Comum Curricular (2018), p. 170–171; BNCC_EI_EF_110518_versaofinal_site.pdf, páginas do PDF 172–173"
5b6f6a03-6831-5cdb-98e8-7aa4eb52a4d8,EF07LP08,EF_AF,7,Língua Portuguesa,TODOS OS CAMPOS DE ATUAÇÃO,Morfossintaxe,"Identificar, em textos lidos ou de produção própria, adjetivos que ampliam o sentido do substantivo sujeito ou complemento verbal.","BRASIL. Base Nacional Comum Curricular (2018), p. 172–173; BNCC_EI_EF_110518_versaofinal_site.pdf, páginas do PDF 174–175"
e98842b5-b5b4-56b8-8fb9-f2a4455114bd,EF07LP09,EF_AF,7,Língua Portuguesa,TODOS OS CAMPOS DE ATUAÇÃO,Morfossintaxe,"Identificar, em textos lidos ou de produção própria, advérbios e locuções adverbiais que ampliam o sentido do verbo núcleo da oração.","BRASIL. Base Nacional Comum Curricular (2018), p. 172–173; BNCC_EI_EF_110518_versaofinal_site.pdf, páginas do PDF 174–175"
a08f1761-a0f7-5ab7-81ac-087da325e0c4,EF07LP10,EF_AF,7,Língua Portuguesa,TODOS OS CAMPOS DE ATUAÇÃO,Morfossintaxe,"Utilizar, ao produzir texto, conhecimentos linguísticos e gramaticais: modos e tempos verbais, concordância nominal e verbal, pontuação etc.","BRASIL. Base Nacional Comum Curricular (2018), p. 172–173; BNCC_EI_EF_110518_versaofinal_site.pdf, páginas do PDF 174–175"
da059a01-7e93-5783-bf03-62e278da6ad3,EF07LP11,EF_AF,7,Língua Portuguesa,TODOS OS CAMPOS DE ATUAÇÃO,Morfossintaxe,"Identificar, em textos lidos ou de produção própria, períodos compostos nos quais duas orações são conectadas por vírgula, ou por conjunções que expressem soma de sentido (conjunção “e”) ou oposição de sentidos (conjunções “mas”, “porém”).","BRASIL. Base Nacional Comum Curricular (2018), p. 172–173; BNCC_EI_EF_110518_versaofinal_site.pdf, páginas do PDF 174–175"
86c72dcb-40ca-52a0-a89e-26151c680b29,EF07LP12,EF_AF,7,Língua Portuguesa,TODOS OS CAMPOS DE ATUAÇÃO,Semântica Coesão,"Reconhecer recursos de coesão referencial: substituições lexicais (de substantivos por sinônimos) ou pronominais (uso de pronomes anafóricos – pessoais, possessivos, demonstrativos).","BRASIL. Base Nacional Comum Curricular (2018), p. 172–173; BNCC_EI_EF_110518_versaofinal_site.pdf, páginas do PDF 174–175"
90774eb4-9109-51b7-9b69-6f3632362796,EF07LP13,EF_AF,7,Língua Portuguesa,TODOS OS CAMPOS DE ATUAÇÃO,Coesão,"Estabelecer relações entre partes do texto, identificando substituições lexicais (de substantivos por sinônimos) ou pronominais (uso de pronomes anafóricos – pessoais, possessivos, demonstrativos), que contribuem para a continuidade do texto.","BRASIL. Base Nacional Comum Curricular (2018), p. 174–175; BNCC_EI_EF_110518_versaofinal_site.pdf, páginas do PDF 176–177"
3cadc2c2-e305-5f53-b86c-03deb76a94dc,EF07LP14,EF_AF,7,Língua Portuguesa,TODOS OS CAMPOS DE ATUAÇÃO,Modalização,"Identificar, em textos, os efeitos de sentido do uso de estratégias de modalização e argumentatividade.","BRASIL. Base Nacional Comum Curricular (2018), p. 174–175; BNCC_EI_EF_110518_versaofinal_site.pdf, páginas do PDF 176–177"
67f96fae-8eb2-5f04-8a2a-88e87b2ec6b3,EF07MA02,EF_AF,7,Matemática,Números,Cálculo de porcentagens e de acréscimos e decréscimos simples,"Resolver e elaborar problemas que envolvam porcentagens, como os que lidam com acréscimos e decréscimos simples, utilizando estratégias pessoais, cálculo mental e calculadora, no contexto de educação financeira, entre outros.","BRASIL. Base Nacional Comum Curricular (2018), p. 306–307; BNCC_EI_EF_110518_versaofinal_site.pdf, páginas do PDF 308–309"
8f4c73af-e6ce-5f7f-a2d7-06b69e585535,EF07MA03,EF_AF,7,Matemática,Números,"Números inteiros: usos, história, ordenação, associação com pontos da reta numérica e operações","Comparar e ordenar números inteiros em diferentes contextos, incluindo o histórico, associá-los a pontos da reta numérica e utilizá-los em situações que envolvam adição e subtração.","BRASIL. Base Nacional Comum Curricular (2018), p. 306–307; BNCC_EI_EF_110518_versaofinal_site.pdf, páginas do PDF 308–309"
2c4d6e04-5373-507d-b40b-644f54d9e4a1,EF07MA04,EF_AF,7,Matemática,Números,"Números inteiros: usos, história, ordenação, associação com pontos da reta numérica e operações",Resolver e elaborar problemas que envolvam operações com números inteiros.,"BRASIL. Base Nacional Comum Curricular (2018), p. 306–307; BNCC_EI_EF_110518_versaofinal_site.pdf, páginas do PDF 308–309"
bc9e4b21-5113-5cc5-9528-ffdb8c30b179,EF07MA05,EF_AF,7,Matemática,Números,"Fração e seus significados: como parte de inteiros, resultado da divisão, razão e operador",Resolver um mesmo problema utilizando diferentes algoritmos.,"BRASIL. Base Nacional Comum Curricular (2018), p. 306–307; BNCC_EI_EF_110518_versaofinal_site.pdf, páginas do PDF 308–309"
17744e92-4eb1-5ece-989f-4ac6106dad19,EF07MA06,EF_AF,7,Matemática,Números,"Fração e seus significados: como parte de inteiros, resultado da divisão, razão e operador",Reconhecer que as resoluções de um grupo de problemas que têm a mesma estrutura podem ser obtidas utilizando os mesmos procedimentos.,"BRASIL. Base Nacional Comum Curricular (2018), p. 306–307; BNCC_EI_EF_110518_versaofinal_site.pdf, páginas do PDF 308–309"
b0357f69-1313-5722-9e04-3e745eab3683,EF07MA07,EF_AF,7,Matemática,Números,"Fração e seus significados: como parte de inteiros, resultado da divisão, razão e operador",Representar por meio de um fluxograma os passos utilizados para resolver um grupo de problemas.,"BRASIL. Base Nacional Comum Curricular (2018), p. 306–307; BNCC_EI_EF_110518_versaofinal_site.pdf, páginas do PDF 308–309"
d4dd374a-37fc-5fb8-b21f-864398c4ad17,EF07MA08,EF_AF,7,Matemática,Números,"Fração e seus significados: como parte de inteiros, resultado da divisão, razão e operador","Comparar e ordenar frações associadas às ideias de partes de inteiros, resultado da divisão, razão e operador.","BRASIL. Base Nacional Comum Curricular (2018), p. 306–307; BNCC_EI_EF_110518_versaofinal_site.pdf, páginas do PDF 308–309"
0c940f7e-f678-5229-be26-dd9f62e79e02,EF07MA09,EF_AF,7,Matemática,Números,"Fração e seus significados: como parte de inteiros, resultado da divisão, razão e operador","Utilizar, na resolução de problemas, a associação entre razão e fração, como a fração 2/3 para expressar a razão de duas partes de uma grandeza para três partes da mesma ou três partes de outra grandeza.","BRASIL. Base Nacional Comum Curricular (2018), p. 306–307; BNCC_EI_EF_110518_versaofinal_site.pdf, páginas do PDF 308–309"
3839c5c1-ea93-58f9-8a7e-86d3bb95e018,EF07MA10,EF_AF,7,Matemática,Números,"Números racionais na representação fracionária e na decimal: usos, ordenação e associação com pontos da reta numérica e operações",Comparar e ordenar números racionais em diferentes contextos e associá-los a pontos da reta numérica.,"BRASIL. Base Nacional Comum Curricular (2018), p. 306–307; BNCC_EI_EF_110518_versaofinal_site.pdf, páginas do PDF 308–309"
bad02624-b957-5a4f-a951-fd633a2b8ff3,EF07MA11,EF_AF,7,Matemática,Números,"Números racionais na representação fracionária e na decimal: usos, ordenação e associação com pontos da reta numérica e operações","Compreender e utilizar a multiplicação e a divisão de números racionais, a relação entre elas e suas propriedades operatórias.","BRASIL. Base Nacional Comum Curricular (2018), p. 306–307; BNCC_EI_EF_110518_versaofinal_site.pdf, páginas do PDF 308–309"
32092ea2-ed2e-5513-a61f-aac7985116da,EF07MA12,EF_AF,7,Matemática,Números,"Números racionais na representação fracionária e na decimal: usos, ordenação e associação com pontos da reta numérica e operações",Resolver e elaborar problemas que envolvam as operações com números racionais.,"BRASIL. Base Nacional Comum Curricular (2018), p. 306–307; BNCC_EI_EF_110518_versaofinal_site.pdf, páginas do PDF 308–309"
c7376334-35c6-5102-a814-c2bdab12beaa,EF07MA13,EF_AF,7,Matemática,Álgebra,Linguagem algébrica: variável e incógnita,"Compreender a ideia de variável, representada por letra ou símbolo, para expressar relação entre duas grandezas, diferenciando-a da ideia de incógnita.","BRASIL. Base Nacional Comum Curricular (2018), p. 306–307; BNCC_EI_EF_110518_versaofinal_site.pdf, páginas do PDF 308–309"
1086af40-82d0-513f-8a0b-680865f0dcf7,EF07MA17,EF_AF,7,Matemática,Álgebra,Problemas envolvendo grandezas diretamente proporcionais e grandezas inversamente proporcionais,"Resolver e elaborar problemas que envolvam variação de proporcionalidade direta e de proporcionalidade inversa entre duas grandezas, utilizando sentença algébrica para expressar a relação entre elas.","BRASIL. Base Nacional Comum Curricular (2018), p. 306–307; BNCC_EI_EF_110518_versaofinal_site.pdf, páginas do PDF 308–309"
e6412cd0-4d68-5566-8126-16339ada488c,EF07MA18,EF_AF,7,Matemática,Álgebra,Equações polinomiais do 1º grau,"Resolver e elaborar problemas que possam ser representados por equações polinomiais de 1º grau, redutíveis à forma ax + b = c, fazendo uso das propriedades da igualdade.","BRASIL. Base Nacional Comum Curricular (2018), p. 306–307; BNCC_EI_EF_110518_versaofinal_site.pdf, páginas do PDF 308–309"
f618f099-41d1-5ca6-86ce-a6d97c122cc1,EF07MA29,EF_AF,7,Matemática,Grandezas e medidas,Problemas envolvendo medições,"Resolver e elaborar problemas que envolvam medidas de grandezas inseridos em contextos oriundos de situações cotidianas ou de outras áreas do conhecimento, reconhecendo que toda medida empírica é aproximada.","BRASIL. Base Nacional Comum Curricular (2018), p. 308–309; BNCC_EI_EF_110518_versaofinal_site.pdf, páginas do PDF 310–311"
dd13eb11-0f92-503d-9a32-1c3ee1126b6b,EF07MA30,EF_AF,7,Matemática,Grandezas e medidas,"Cálculo de volume de blocos retangulares, utilizando unidades de medida convencionais mais usuais","Resolver e elaborar problemas de cálculo de medida do volume de blocos retangulares, envolvendo as unidades usuais (metro cúbico, decímetro cúbico e centímetro cúbico).","BRASIL. Base Nacional Comum Curricular (2018), p. 308–309; BNCC_EI_EF_110518_versaofinal_site.pdf, páginas do PDF 310–311"
a5d65348-8551-59fa-a1b0-bcaa16545633,EF07MA32,EF_AF,7,Matemática,Grandezas e medidas,"Equivalência de área de figuras planas: cálculo de áreas de figuras que podem ser decompostas por outras, cujas áreas podem ser facilmente determinadas como triângulos e quadriláteros","Resolver e elaborar problemas de cálculo de medida de área de figuras planas que podem ser decompostas por quadrados, retângulos e/ou triângulos, utilizando a equivalência entre áreas.","BRASIL. Base Nacional Comum Curricular (2018), p. 308–309; BNCC_EI_EF_110518_versaofinal_site.pdf, páginas do PDF 310–311"
bcb76815-8bd3-5b0c-8cdf-854ade211c33,EF07MA34,EF_AF,7,Matemática,Probabilidade e estatística,Experimentos aleatórios: espaço amostral e estimativa de probabilidade por meio de frequência de ocorrências,Planejar e realizar experimentos aleatórios ou simulações que envolvem cálculo de probabilidades ou estimativas por meio de frequência de ocorrências.,"BRASIL. Base Nacional Comum Curricular (2018), p. 310–311; BNCC_EI_EF_110518_versaofinal_site.pdf, páginas do PDF 312–313"
cc78544d-5f4e-5519-9817-34e2616ce85d,EF07MA35,EF_AF,7,Matemática,Probabilidade e estatística,Estatística: média e amplitude de um conjunto de dados,"Compreender, em contextos significativos, o significado de média estatística como indicador da tendência de uma pesquisa, calcular seu valor e relacioná-lo, intuitivamente, com a amplitude do conjunto de dados.","BRASIL. Base Nacional Comum Curricular (2018), p. 310–311; BNCC_EI_EF_110518_versaofinal_site.pdf, páginas do PDF 312–313"
ed1ed6d2-349a-55b3-8e55-edf1a60f34c5,EF07MA36,EF_AF,7,Matemática,Probabilidade e estatística,"Pesquisa amostral e pesquisa censitária Planejamento de pesquisa, coleta e organização dos dados, construção de tabelas e gráficos e interpretação das informações","Planejar e realizar pesquisa envolvendo tema da realidade social, identificando a necessidade de ser censitária ou de usar amostra, e interpretar os dados para comunicá-los por meio de relatório escrito, tabelas e gráficos, com o apoio de planilhas eletrônicas.","BRASIL. Base Nacional Comum Curricular (2018), p. 310–311; BNCC_EI_EF_110518_versaofinal_site.pdf, páginas do PDF 312–313"
b719f213-bd65-541b-8223-532b8ddb4dc5,EF07MA37,EF_AF,7,Matemática,Probabilidade e estatística,"Gráficos de setores: interpretação, pertinência e construção para representar conjunto de dados",Interpretar e analisar dados apresentados em gráfico de setores divulgados pela mídia e compreender quando é possível ou conveniente sua utilização.,"BRASIL. Base Nacional Comum Curricular (2018), p. 310–311; BNCC_EI_EF_110518_versaofinal_site.pdf, páginas do PDF 312–313"
e84eb4aa-d182-5055-9aae-cb03b51c519a,EF08CI01,EF_AF,8,Ciências,Matéria e energia,Fontes e tipos de energia Transformação de energia Cálculo de consumo de energia elétrica Circuitos elétricos Uso consciente de energia elétrica,"Identificar e classificar diferentes fontes (renováveis e não renováveis) e tipos de energia utilizados em residências, comunidades ou cidades.","BRASIL. Base Nacional Comum Curricular (2018), p. 348–349; BNCC_EI_EF_110518_versaofinal_site.pdf, páginas do PDF 350–351"
1842ce39-c609-5150-9254-c6554a900f4b,EF08CI04,EF_AF,8,Ciências,Matéria e energia,Fontes e tipos de energia Transformação de energia Cálculo de consumo de energia elétrica Circuitos elétricos Uso consciente de energia elétrica,Calcular o consumo de eletrodomésticos a partir dos dados de potência (descritos no próprio equipamento) e tempo médio de uso para avaliar o impacto de cada equipamento no consumo doméstico mensal.,"BRASIL. Base Nacional Comum Curricular (2018), p. 348–349; BNCC_EI_EF_110518_versaofinal_site.pdf, páginas do PDF 350–351"
16f6a0e5-f6f9-50fb-a380-33440a17ce7d,EF08CI05,EF_AF,8,Ciências,Matéria e energia,Fontes e tipos de energia Transformação de energia Cálculo de consumo de energia elétrica Circuitos elétricos Uso consciente de energia elétrica,"Propor ações coletivas para otimizar o uso de energia elétrica em sua escola e/ou comunidade, com base na seleção de equipamentos segundo critérios de sustentabilidade (consumo de energia e eficiência energética) e hábitos de consumo responsável.","BRASIL. Base Nacional Comum Curricular (2018), p. 348–349; BNCC_EI_EF_110518_versaofinal_site.pdf, páginas do PDF 350–351"
a3f11760-db39-52dd-856c-89b2e07cae76,EF08CI06,EF_AF,8,Ciências,Matéria e energia,Fontes e tipos de energia Transformação de energia Cálculo de consumo de energia elétrica Circuitos elétricos Uso consciente de energia elétrica,"Discutir e avaliar usinas de geração de energia elétrica (termelétricas, hidrelétricas, eólicas etc.), suas semelhanças e diferenças, seus impactos socioambientais, e como essa energia chega e é usada em sua cidade, comunidade, casa ou escola.","BRASIL. Base Nacional Comum Curricular (2018), p. 348–349; BNCC_EI_EF_110518_versaofinal_site.pdf, páginas do PDF 350–351"
46a9ac1a-638e-5f94-9745-fe9e554bf2c7,EF08CI09,EF_AF,8,Ciências,Vida e evolução,Mecanismos reprodutivos Sexualidade,Comparar o modo de ação e a eficácia dos diversos métodos contraceptivos e justificar a necessidade de compartilhar a responsabilidade na escolha e na utilização do método mais adequado à prevenção da gravidez precoce e indesejada e de Doenças Sexualmente Transmissíveis (DST).,"BRASIL. Base Nacional Comum Curricular (2018), p. 348–349; BNCC_EI_EF_110518_versaofinal_site.pdf, páginas do PDF 350–351"
73b4a9e0-8909-5bfd-8c0c-60441902d933,EF08CI10,EF_AF,8,Ciências,Vida e evolução,Mecanismos reprodutivos Sexualidade,"Identificar os principais sintomas, modos de transmissão e tratamento de algumas DST (com ênfase na AIDS), e discutir estratégias e métodos de prevenção.","BRASIL. Base Nacional Comum Curricular (2018), p. 348–349; BNCC_EI_EF_110518_versaofinal_site.pdf, páginas do PDF 350–351"
bc79b15c-6c15-5c05-9b4d-ab8c3b4bb5a9,EF08CI11,EF_AF,8,Ciências,Vida e evolução,Mecanismos reprodutivos Sexualidade,"Selecionar argumentos que evidenciem as múltiplas dimensões da sexualidade humana (biológica, sociocultural, afetiva e ética).","BRASIL. Base Nacional Comum Curricular (2018), p. 348–349; BNCC_EI_EF_110518_versaofinal_site.pdf, páginas do PDF 350–351"
d1936607-0e57-58bc-a18f-8157baeae724,EF08CI14,EF_AF,8,Ciências,Terra e Universo,"Sistema Sol, Terra e Lua Clima",Relacionar climas regionais aos padrões de circulação atmosférica e oceânica e ao aquecimento desigual causado pela forma e pelos movimentos da Terra.,"BRASIL. Base Nacional Comum Curricular (2018), p. 348–349; BNCC_EI_EF_110518_versaofinal_site.pdf, páginas do PDF 350–351"
e8f28ffa-fe72-514c-be3a-e963ede89824,EF08CI15,EF_AF,8,Ciências,Terra e Universo,"Sistema Sol, Terra e Lua Clima",Identificar as principais variáveis envolvidas na previsão do tempo e simular situações nas quais elas possam ser medidas.,"BRASIL. Base Nacional Comum Curricular (2018), p. 348–349; BNCC_EI_EF_110518_versaofinal_site.pdf, páginas do PDF 350–351"
560c77c2-893e-56ed-b0c4-71b2f78bba34,EF08CI16,EF_AF,8,Ciências,Terra e Universo,"Sistema Sol, Terra e Lua Clima",Discutir iniciativas que contribuam para restabelecer o equilíbrio ambiental a partir da identificação de alterações climáticas regionais e globais provocadas pela intervenção humana.,"BRASIL. Base Nacional Comum Curricular (2018), p. 348–349; BNCC_EI_EF_110518_versaofinal_site.pdf, páginas do PDF 350–351"
4fcf7ee7-a998-5eb1-9d3f-a3e7f2eeec5b,EF08ER01,EF_AF,8,Ensino Religioso,Crenças religiosas e filosofias de vida,"Crenças, convicções e atitudes",Discutir como as crenças e convicções podem influenciar escolhas e atitudes pessoais e coletivas.,"BRASIL. Base Nacional Comum Curricular (2018), p. 456–457; BNCC_EI_EF_110518_versaofinal_site.pdf, páginas do PDF 458–459"
e3da24eb-41fa-51a3-842e-5af1731b0020,EF08ER02,EF_AF,8,Ensino Religioso,Crenças religiosas e filosofias de vida,"Crenças, convicções e atitudes","Analisar filosofias de vida, manifestações e tradições religiosas destacando seus princípios éticos.","BRASIL. Base Nacional Comum Curricular (2018), p. 456–457; BNCC_EI_EF_110518_versaofinal_site.pdf, páginas do PDF 458–459"
922fd522-e38c-5b95-852d-4129427af8e7,EF08ER04,EF_AF,8,Ensino Religioso,Crenças religiosas e filosofias de vida,"Crenças, filosofias de vida e esfera pública","Discutir como filosofias de vida, tradições e instituições religiosas podem influenciar diferentes campos da esfera pública (política, saúde, educação, economia).","BRASIL. Base Nacional Comum Curricular (2018), p. 456–457; BNCC_EI_EF_110518_versaofinal_site.pdf, páginas do PDF 458–459"
3320f3f5-5ed1-5c39-bb0a-246c86b244f3,EF08ER05,EF_AF,8,Ensino Religioso,Crenças religiosas e filosofias de vida,"Crenças, filosofias de vida e esfera pública",Debater sobre as possibilidades e os limites da interferência das tradições religiosas na esfera pública.,"BRASIL. Base Nacional Comum Curricular (2018), p. 456–457; BNCC_EI_EF_110518_versaofinal_site.pdf, páginas do PDF 458–459"
3ebbaecd-df65-535b-ae25-698c7f64494b,EF08ER06,EF_AF,8,Ensino Religioso,Crenças religiosas e filosofias de vida,"Crenças, filosofias de vida e esfera pública","Analisar práticas, projetos e políticas públicas que contribuem para a promoção da liberdade de pensamento, crenças e convicções.","BRASIL. Base Nacional Comum Curricular (2018), p. 456–457; BNCC_EI_EF_110518_versaofinal_site.pdf, páginas do PDF 458–459"
bd3db318-bc29-5cda-8bfb-cecbf3c8dbe9,EF08ER07,EF_AF,8,Ensino Religioso,Crenças religiosas e filosofias de vida,"Tradições religiosas, mídias e tecnologias",Analisar as formas de uso das mídias e tecnologias pelas diferentes denominações religiosas.,"BRASIL. Base Nacional Comum Curricular (2018), p. 456–457; BNCC_EI_EF_110518_versaofinal_site.pdf, páginas do PDF 458–459"
856d95b1-3c6c-5cdd-9310-2879f5dbebb2,EF08GE01,EF_AF,8,Geografia,O sujeito e seu lugar no mundo,Distribuição da população mundial e deslocamentos populacionais,"Descrever as rotas de dispersão da população humana pelo planeta e os principais fluxos migratórios em diferentes períodos da história, discutindo os fatores históricos e condicionantes físico-naturais associados à distribuição da população humana pelos continentes.","BRASIL. Base Nacional Comum Curricular (2018), p. 388–389; BNCC_EI_EF_110518_versaofinal_site.pdf, páginas do PDF 390–391"
d33d4c7a-06ff-5510-8e5c-0487c839a017,EF08GE02,EF_AF,8,Geografia,O sujeito e seu lugar no mundo,Diversidade e dinâmica da população mundial e local,"Relacionar fatos e situações representativas da história das famílias do Município em que se localiza a escola, considerando a diversidade e os fluxos migratórios da população mundial.","BRASIL. Base Nacional Comum Curricular (2018), p. 388–389; BNCC_EI_EF_110518_versaofinal_site.pdf, páginas do PDF 390–391"
5a859dd3-80e5-55e9-8a18-008f4d18bf0e,EF08GE03,EF_AF,8,Geografia,O sujeito e seu lugar no mundo,Diversidade e dinâmica da população mundial e local,"Analisar aspectos representativos da dinâmica demográfica, considerando características da população (perfil etário, crescimento vegetativo e mobilidade espacial).","BRASIL. Base Nacional Comum Curricular (2018), p. 388–389; BNCC_EI_EF_110518_versaofinal_site.pdf, páginas do PDF 390–391"
efba45c1-dfa2-574e-81be-8753e315a79e,EF08GE04,EF_AF,8,Geografia,O sujeito e seu lugar no mundo,Diversidade e dinâmica da população mundial e local,"Compreender os fluxos de migração na América Latina (movimentos voluntários e forçados, assim como fatores e áreas de expulsão e atração) e as principais políticas migratórias da região.","BRASIL. Base Nacional Comum Curricular (2018), p. 388–389; BNCC_EI_EF_110518_versaofinal_site.pdf, páginas do PDF 390–391"
1a29964b-cfd5-5f04-98d8-0b224ffcc113,EF08GE05,EF_AF,8,Geografia,Conexões e escalas,Corporações e organismos internacionais e do Brasil na ordem econômica mundial,"Aplicar os conceitos de Estado, nação, território, governo e país para o entendimento de conflitos e tensões na contemporaneidade, com destaque para as situações geopolíticas na América e na África e suas múltiplas regionalizações a partir do pós-guerra.","BRASIL. Base Nacional Comum Curricular (2018), p. 388–389; BNCC_EI_EF_110518_versaofinal_site.pdf, páginas do PDF 390–391"
63070d29-d254-5127-ab26-43165355e1e4,EF08GE06,EF_AF,8,Geografia,Conexões e escalas,Corporações e organismos internacionais e do Brasil na ordem econômica mundial,"Analisar a atuação das organizações mundiais nos processos de integração cultural e econômica nos contextos americano e africano, reconhecendo, em seus lugares de vivência, marcas desses processos.","BRASIL. Base Nacional Comum Curricular (2018), p. 388–389; BNCC_EI_EF_110518_versaofinal_site.pdf, páginas do PDF 390–391"
39746d3d-b3af-5508-bb34-63c39674adf5,EF08GE07,EF_AF,8,Geografia,Conexões e escalas,Corporações e organismos internacionais e do Brasil na ordem econômica mundial,"Analisar os impactos geoeconômicos, geoestratégicos e geopolíticos da ascensão dos Estados Unidos da América no cenário internacional em sua posição de liderança global e na relação com a China e o Brasil.","BRASIL. Base Nacional Comum Curricular (2018), p. 388–389; BNCC_EI_EF_110518_versaofinal_site.pdf, páginas do PDF 390–391"
3a812702-8946-54ff-a9e6-3e6ea5a4d507,EF08GE08,EF_AF,8,Geografia,Conexões e escalas,Corporações e organismos internacionais e do Brasil na ordem econômica mundial,"Analisar a situação do Brasil e de outros países da América Latina e da África, assim como da potência estadunidense na ordem mundial do pós-guerra.","BRASIL. Base Nacional Comum Curricular (2018), p. 388–389; BNCC_EI_EF_110518_versaofinal_site.pdf, páginas do PDF 390–391"
97c1a215-b833-53e5-bb94-a38a6e5ae959,EF08GE09,EF_AF,8,Geografia,Conexões e escalas,Corporações e organismos internacionais e do Brasil na ordem econômica mundial,"Analisar os padrões econômicos mundiais de produção, distribuição e intercâmbio dos produtos agrícolas e industrializados, tendo como referência os Estados Unidos da América e os países denominados de Brics (Brasil, Rússia, Índia, China e África do Sul).","BRASIL. Base Nacional Comum Curricular (2018), p. 388–389; BNCC_EI_EF_110518_versaofinal_site.pdf, páginas do PDF 390–391"
2826d390-a983-5c73-baaf-cba9e6c2468e,EF08GE10,EF_AF,8,Geografia,Conexões e escalas,Corporações e organismos internacionais e do Brasil na ordem econômica mundial,"Distinguir e analisar conflitos e ações dos movimentos sociais brasileiros, no campo e na cidade, comparando com outros movimentos sociais existentes nos países latino-americanos.","BRASIL. Base Nacional Comum Curricular (2018), p. 388–389; BNCC_EI_EF_110518_versaofinal_site.pdf, páginas do PDF 390–391"
087f90dd-d24c-5721-90f0-50744d008d0e,EF08GE11,EF_AF,8,Geografia,Conexões e escalas,Corporações e organismos internacionais e do Brasil na ordem econômica mundial,Analisar áreas de conflito e tensões nas regiões de fronteira do continente latino-americano e o papel de organismos internacionais e regionais de cooperação nesses cenários.,"BRASIL. Base Nacional Comum Curricular (2018), p. 388–389; BNCC_EI_EF_110518_versaofinal_site.pdf, páginas do PDF 390–391"
293c00fb-12ea-5a43-a0cb-e8894794ab11,EF08GE12,EF_AF,8,Geografia,Conexões e escalas,Corporações e organismos internacionais e do Brasil na ordem econômica mundial,"Compreender os objetivos e analisar a importância dos organismos de integração do território americano (Mercosul, OEA, OEI, Nafta, Unasul, Alba, Comunidade Andina, Aladi, entre outros).","BRASIL. Base Nacional Comum Curricular (2018), p. 388–389; BNCC_EI_EF_110518_versaofinal_site.pdf, páginas do PDF 390–391"
715c9809-2203-537a-889f-8e7e696a358b,EF08GE13,EF_AF,8,Geografia,Mundo do trabalho,Os diferentes contextos e os meios técnico e tecnológico na produção,Analisar a influência do desenvolvimento científico e tecnológico na caracterização dos tipos de trabalho e na economia dos espaços urbanos e rurais da América e da África.,"BRASIL. Base Nacional Comum Curricular (2018), p. 390–391; BNCC_EI_EF_110518_versaofinal_site.pdf, páginas do PDF 392–393"
adbc6b94-3a1f-542c-88b4-ea46c6d6752d,EF08GE14,EF_AF,8,Geografia,Mundo do trabalho,Os diferentes contextos e os meios técnico e tecnológico na produção,"Analisar os processos de desconcentração, descentralização e recentralização das atividades econômicas a partir do capital estadunidense e chinês em diferentes regiões no mundo, com destaque para o Brasil.","BRASIL. Base Nacional Comum Curricular (2018), p. 390–391; BNCC_EI_EF_110518_versaofinal_site.pdf, páginas do PDF 392–393"
ff082ab6-cc94-5334-a1a7-d547cd687f3c,EF08GE15,EF_AF,8,Geografia,Mundo do trabalho,Transformações do espaço na sociedade urbano-industrial na América Latina,"Analisar a importância dos principais recursos hídricos da America Latina (Aquífero Guarani, Bacias do rio da Prata, do Amazonas e do Orinoco, sistemas de nuvens na Amazônia e nos Andes, entre outros) e discutir os desafios relacionados à gestão e comercialização da água.","BRASIL. Base Nacional Comum Curricular (2018), p. 390–391; BNCC_EI_EF_110518_versaofinal_site.pdf, páginas do PDF 392–393"
17b23ecd-703b-5393-a835-931a137d243f,EF08GE16,EF_AF,8,Geografia,Mundo do trabalho,Transformações do espaço na sociedade urbano-industrial na América Latina,"Analisar as principais problemáticas comuns às grandes cidades latino-americanas, particularmente aquelas relacionadas à distribuição, estrutura e dinâmica da população e às condições de vida e trabalho.","BRASIL. Base Nacional Comum Curricular (2018), p. 390–391; BNCC_EI_EF_110518_versaofinal_site.pdf, páginas do PDF 392–393"
6df8beb6-9a3c-570c-81ca-2456fd226925,EF08GE17,EF_AF,8,Geografia,Mundo do trabalho,Transformações do espaço na sociedade urbano-industrial na América Latina,"Analisar a segregação socioespacial em ambientes urbanos da América Latina, com atenção especial ao estudo de favelas, alagados e zona de riscos.","BRASIL. Base Nacional Comum Curricular (2018), p. 390–391; BNCC_EI_EF_110518_versaofinal_site.pdf, páginas do PDF 392–393"
b275d3f9-d4d7-57f0-b7c1-99eb37351e82,EF08GE18,EF_AF,8,Geografia,Formas de representação e pensamento espacial,"Cartografia: anamorfose, croquis e mapas temáticos da América e África","Elaborar mapas ou outras formas de representação cartográfica para analisar as redes e as dinâmicas urbanas e rurais, ordenamento territorial, contextos culturais, modo de vida e usos e ocupação de solos da África e América.","BRASIL. Base Nacional Comum Curricular (2018), p. 390–391; BNCC_EI_EF_110518_versaofinal_site.pdf, páginas do PDF 392–393"
fa9ba592-99e8-566c-a9c9-c0731479c283,EF08GE19,EF_AF,8,Geografia,Formas de representação e pensamento espacial,"Cartografia: anamorfose, croquis e mapas temáticos da América e África","Interpretar cartogramas, mapas esquemáticos (croquis) e anamorfoses geográficas com informações geográficas acerca da África e América.","BRASIL. Base Nacional Comum Curricular (2018), p. 390–391; BNCC_EI_EF_110518_versaofinal_site.pdf, páginas do PDF 392–393"
8075ea8f-9d8c-58fc-b550-bc3371e4a11f,EF08GE20,EF_AF,8,Geografia,"Natureza, ambientes e qualidade de vida","Identidades e interculturalidades regionais: Estados Unidos da América, América espanhola e portuguesa e África","Analisar características de países e grupos de países da América e da África no que se refere aos aspectos populacionais, urbanos, políticos e econômicos, e discutir as desigualdades sociais e econômicas e as pressões sobre a natureza e suas riquezas (sua apropriação e valoração na produção e circulação), o que resulta na espoliação desses povos.","BRASIL. Base Nacional Comum Curricular (2018), p. 390–391; BNCC_EI_EF_110518_versaofinal_site.pdf, páginas do PDF 392–393"
3863e786-0c40-598a-a657-bcae6302c2ff,EF08GE21,EF_AF,8,Geografia,"Natureza, ambientes e qualidade de vida","Identidades e interculturalidades regionais: Estados Unidos da América, América espanhola e portuguesa e África","Analisar o papel ambiental e territorial da Antártica no contexto geopolítico, sua relevância para os países da América do Sul e seu valor como área destinada à pesquisa e à compreensão do ambiente global.","BRASIL. Base Nacional Comum Curricular (2018), p. 390–391; BNCC_EI_EF_110518_versaofinal_site.pdf, páginas do PDF 392–393"
667cff4c-d66f-56f3-8405-ff92aef29a6c,EF08GE22,EF_AF,8,Geografia,"Natureza, ambientes e qualidade de vida",Diversidade ambiental e as transformações nas paisagens na América Latina,"Identificar os principais recursos naturais dos países da América Latina, analisando seu uso para a produção de matéria-prima e energia e sua relevância para a cooperação entre os países do Mercosul.","BRASIL. Base Nacional Comum Curricular (2018), p. 390–391; BNCC_EI_EF_110518_versaofinal_site.pdf, páginas do PDF 392–393"
6c5d4651-454f-51bb-8bca-cba2cfdc4f1c,EF08GE23,EF_AF,8,Geografia,"Natureza, ambientes e qualidade de vida",Diversidade ambiental e as transformações nas paisagens na América Latina,"Identificar paisagens da América Latina e associá-las, por meio da cartografia, aos diferentes povos da região, com base em aspectos da geomorfologia, da biogeografia e da climatologia.","BRASIL. Base Nacional Comum Curricular (2018), p. 390–391; BNCC_EI_EF_110518_versaofinal_site.pdf, páginas do PDF 392–393"
fe5beac8-3433-5d6d-b6f3-18ab03f3ee93,EF08GE24,EF_AF,8,Geografia,"Natureza, ambientes e qualidade de vida",Diversidade ambiental e as transformações nas paisagens na América Latina,"Analisar as principais características produtivas dos países latino-americanos (como exploração mineral na Venezuela; agricultura de alta especialização e exploração mineira no Chile; circuito da carne nos pampas argentinos e no Brasil; circuito da cana-de-açúcar em Cuba; polígono industrial do sudeste brasileiro e plantações de soja no centro-oeste; maquiladoras mexicanas, entre outros).","BRASIL. Base Nacional Comum Curricular (2018), p. 390–391; BNCC_EI_EF_110518_versaofinal_site.pdf, páginas do PDF 392–393"
19e00f91-dabd-5df7-9561-93c05d4a4c1e,EF08HI01,EF_AF,8,História,O mundo contemporâneo: o Antigo Regime em crise,A questão do iluminismo e da ilustração,Identificar os principais aspectos conceituais do iluminismo e do liberalismo e discutir a relação entre eles e a organização do mundo contemporâneo.,"BRASIL. Base Nacional Comum Curricular (2018), p. 424–425; BNCC_EI_EF_110518_versaofinal_site.pdf, páginas do PDF 426–427"
00caefb6-bbd8-5ff5-a1d8-69092827c9b7,EF08HI02,EF_AF,8,História,O mundo contemporâneo: o Antigo Regime em crise,As revoluções inglesas e os princípios do liberalismo,Identificar as particularidades político-sociais da Inglaterra do século XVII e analisar os desdobramentos posteriores à Revolução Gloriosa.,"BRASIL. Base Nacional Comum Curricular (2018), p. 424–425; BNCC_EI_EF_110518_versaofinal_site.pdf, páginas do PDF 426–427"
a79a03d8-92f7-5d3b-b9f2-3775fa805db6,EF08HI03,EF_AF,8,História,O mundo contemporâneo: o Antigo Regime em crise,"Revolução Industrial e seus impactos na produção e circulação de povos, produtos e culturas","Analisar os impactos da Revolução Industrial na produção e circulação de povos, produtos e culturas.","BRASIL. Base Nacional Comum Curricular (2018), p. 424–425; BNCC_EI_EF_110518_versaofinal_site.pdf, páginas do PDF 426–427"
47df92fb-3c2c-54ff-8826-52b32ca50319,EF08HI04,EF_AF,8,História,O mundo contemporâneo: o Antigo Regime em crise,Revolução Francesa e seus desdobramentos,Identificar e relacionar os processos da Revolução Francesa e seus desdobramentos na Europa e no mundo.,"BRASIL. Base Nacional Comum Curricular (2018), p. 424–425; BNCC_EI_EF_110518_versaofinal_site.pdf, páginas do PDF 426–427"
f30f187d-9d62-5420-bfa5-aee669d52e67,EF08HI05,EF_AF,8,História,O mundo contemporâneo: o Antigo Regime em crise,Rebeliões na América portuguesa: as conjurações mineira e baiana,"Explicar os movimentos e as rebeliões da América portuguesa, articulando as temáticas locais e suas interfaces com processos ocorridos na Europa e nas Américas.","BRASIL. Base Nacional Comum Curricular (2018), p. 424–425; BNCC_EI_EF_110518_versaofinal_site.pdf, páginas do PDF 426–427"
2dd76c75-ae04-51bb-8238-f5f232b3c3b5,EF08HI06,EF_AF,8,História,Os processos de independência nas Américas,Independência dos Estados Unidos da América Independências na América espanhola • A revolução dos escravizados em São Domingo e seus múltiplos significados e desdobramentos: o caso do Haiti Os caminhos até a independência do Brasil,"Aplicar os conceitos de Estado, nação, território, governo e país para o entendimento de conflitos e tensões.","BRASIL. Base Nacional Comum Curricular (2018), p. 424–425; BNCC_EI_EF_110518_versaofinal_site.pdf, páginas do PDF 426–427"
e6851fff-3965-526e-9371-ac408d44d0be,EF08HI07,EF_AF,8,História,Os processos de independência nas Américas,Independência dos Estados Unidos da América Independências na América espanhola • A revolução dos escravizados em São Domingo e seus múltiplos significados e desdobramentos: o caso do Haiti Os caminhos até a independência do Brasil,"Identificar e contextualizar as especificidades dos diversos processos de independência nas Américas, seus aspectos populacionais e suas conformações territoriais.","BRASIL. Base Nacional Comum Curricular (2018), p. 424–425; BNCC_EI_EF_110518_versaofinal_site.pdf, páginas do PDF 426–427"
dbdc6ad0-6bfb-5150-b427-42a979c0f90e,EF08HI08,EF_AF,8,História,Os processos de independência nas Américas,Independência dos Estados Unidos da América Independências na América espanhola • A revolução dos escravizados em São Domingo e seus múltiplos significados e desdobramentos: o caso do Haiti Os caminhos até a independência do Brasil,Conhecer o ideário dos líderes dos movimentos independentistas e seu papel nas revoluções que levaram à independência das colônias hispano-americanas.,"BRASIL. Base Nacional Comum Curricular (2018), p. 424–425; BNCC_EI_EF_110518_versaofinal_site.pdf, páginas do PDF 426–427"
d3658a90-b0bb-5556-bde6-5c3a275d0371,EF08HI09,EF_AF,8,História,Os processos de independência nas Américas,Independência dos Estados Unidos da América Independências na América espanhola • A revolução dos escravizados em São Domingo e seus múltiplos significados e desdobramentos: o caso do Haiti Os caminhos até a independência do Brasil,Conhecer as características e os principais pensadores do Pan-americanismo.,"BRASIL. Base Nacional Comum Curricular (2018), p. 424–425; BNCC_EI_EF_110518_versaofinal_site.pdf, páginas do PDF 426–427"
fc0150c9-c02d-5e33-9013-9723653cddff,EF08HI10,EF_AF,8,História,Os processos de independência nas Américas,Independência dos Estados Unidos da América Independências na América espanhola • A revolução dos escravizados em São Domingo e seus múltiplos significados e desdobramentos: o caso do Haiti Os caminhos até a independência do Brasil,Identificar a Revolução de São Domingo como evento singular e desdobramento da Revolução Francesa e avaliar suas implicações.,"BRASIL. Base Nacional Comum Curricular (2018), p. 424–425; BNCC_EI_EF_110518_versaofinal_site.pdf, páginas do PDF 426–427"
2c889dfc-11c7-5ad8-91b8-b5d6fef72a9a,EF08HI11,EF_AF,8,História,Os processos de independência nas Américas,Independência dos Estados Unidos da América Independências na América espanhola • A revolução dos escravizados em São Domingo e seus múltiplos significados e desdobramentos: o caso do Haiti Os caminhos até a independência do Brasil,"Identificar e explicar os protagonismos e a atuação de diferentes grupos sociais e étnicos nas lutas de independência no Brasil, na América espanhola e no Haiti.","BRASIL. Base Nacional Comum Curricular (2018), p. 424–425; BNCC_EI_EF_110518_versaofinal_site.pdf, páginas do PDF 426–427"
ee3103b8-0143-51e5-8fad-dd1d8c49c686,EF08HI12,EF_AF,8,História,Os processos de independência nas Américas,Independência dos Estados Unidos da América Independências na América espanhola • A revolução dos escravizados em São Domingo e seus múltiplos significados e desdobramentos: o caso do Haiti Os caminhos até a independência do Brasil,"Caracterizar a organização política e social no Brasil desde a chegada da Corte portuguesa, em 1808, até 1822 e seus desdobramentos para a história política brasileira.","BRASIL. Base Nacional Comum Curricular (2018), p. 424–425; BNCC_EI_EF_110518_versaofinal_site.pdf, páginas do PDF 426–427"
1e1c0614-d19a-5158-88af-7da6c2394a77,EF08HI13,EF_AF,8,História,Os processos de independência nas Américas,Independência dos Estados Unidos da América Independências na América espanhola • A revolução dos escravizados em São Domingo e seus múltiplos significados e desdobramentos: o caso do Haiti Os caminhos até a independência do Brasil,Analisar o processo de independência em diferentes países latino-americanos e comparar as formas de governo neles adotadas.,"BRASIL. Base Nacional Comum Curricular (2018), p. 424–425; BNCC_EI_EF_110518_versaofinal_site.pdf, páginas do PDF 426–427"
4d391de3-cab8-559c-af35-4308aa7bdf63,EF08HI14,EF_AF,8,História,Os processos de independência nas Américas,"A tutela da população indígena, a escravidão dos negros e a tutela dos egressos da escravidão","Discutir a noção da tutela dos grupos indígenas e a participação dos negros na sociedade brasileira do final do período colonial, identificando permanências na forma de preconceitos, estereótipos e violências sobre as populações indígenas e negras no Brasil e nas Américas.","BRASIL. Base Nacional Comum Curricular (2018), p. 424–425; BNCC_EI_EF_110518_versaofinal_site.pdf, páginas do PDF 426–427"
3686e7aa-5ab4-555b-9bcf-9635a2ff661a,EF08HI15,EF_AF,8,História,O Brasil no século XIX,Brasil: Primeiro Reinado O Período Regencial e as contestações ao poder central O Brasil do Segundo Reinado: política e economia • A Lei de Terras e seus desdobramentos na política do Segundo Reinado • Territórios e fronteiras: a Guerra do Paraguai,Identificar e analisar o equilíbrio das forças e os sujeitos envolvidos nas disputas políticas durante o Primeiro e o Segundo Reinado.,"BRASIL. Base Nacional Comum Curricular (2018), p. 426–427; BNCC_EI_EF_110518_versaofinal_site.pdf, páginas do PDF 428–429"
d446376e-bb27-5774-a124-d178637f9863,EF08HI16,EF_AF,8,História,O Brasil no século XIX,Brasil: Primeiro Reinado O Período Regencial e as contestações ao poder central O Brasil do Segundo Reinado: política e economia • A Lei de Terras e seus desdobramentos na política do Segundo Reinado • Territórios e fronteiras: a Guerra do Paraguai,"Identificar, comparar e analisar a diversidade política, social e regional nas rebeliões e nos movimentos contestatórios ao poder centralizado.","BRASIL. Base Nacional Comum Curricular (2018), p. 426–427; BNCC_EI_EF_110518_versaofinal_site.pdf, páginas do PDF 428–429"
84ae6db5-e7cf-53a0-b36d-df77a3980645,EF08HI17,EF_AF,8,História,O Brasil no século XIX,Brasil: Primeiro Reinado O Período Regencial e as contestações ao poder central O Brasil do Segundo Reinado: política e economia • A Lei de Terras e seus desdobramentos na política do Segundo Reinado • Territórios e fronteiras: a Guerra do Paraguai,"Relacionar as transformações territoriais, em razão de questões de fronteiras, com as tensões e conflitos durante o Império.","BRASIL. Base Nacional Comum Curricular (2018), p. 426–427; BNCC_EI_EF_110518_versaofinal_site.pdf, páginas do PDF 428–429"
59bb4e82-0d67-5487-a08a-3d910750dd51,EF08HI18,EF_AF,8,História,O Brasil no século XIX,Brasil: Primeiro Reinado O Período Regencial e as contestações ao poder central O Brasil do Segundo Reinado: política e economia • A Lei de Terras e seus desdobramentos na política do Segundo Reinado • Territórios e fronteiras: a Guerra do Paraguai,Identificar as questões internas e externas sobre a atuação do Brasil na Guerra do Paraguai e discutir diferentes versões sobre o conflito.,"BRASIL. Base Nacional Comum Curricular (2018), p. 426–427; BNCC_EI_EF_110518_versaofinal_site.pdf, páginas do PDF 428–429"
b0256bb8-2cd5-5332-b34c-76ec81314c8a,EF08HI19,EF_AF,8,História,O Brasil no século XIX,"O escravismo no Brasil do século XIX: plantations e revoltas de escravizados, abolicionismo e políticas migratórias no Brasil Imperial","Formular questionamentos sobre o legado da escravidão nas Américas, com base na seleção e consulta de fontes de diferentes naturezas.","BRASIL. Base Nacional Comum Curricular (2018), p. 426–427; BNCC_EI_EF_110518_versaofinal_site.pdf, páginas do PDF 428–429"
208a151d-d2bc-5f9a-b8db-f33ff410d551,EF08HI20,EF_AF,8,História,O Brasil no século XIX,"O escravismo no Brasil do século XIX: plantations e revoltas de escravizados, abolicionismo e políticas migratórias no Brasil Imperial",Identificar e relacionar aspectos das estruturas sociais da atualidade com os legados da escravidão no Brasil e discutir a importância de ações afirmativas.,"BRASIL. Base Nacional Comum Curricular (2018), p. 426–427; BNCC_EI_EF_110518_versaofinal_site.pdf, páginas do PDF 428–429"
b058d87c-6d97-5840-ad28-f7a477bce097,EF08HI21,EF_AF,8,História,O Brasil no século XIX,Políticas de extermínio do indígena durante o Império,Identificar e analisar as políticas oficiais com relação ao indígena durante o Império.,"BRASIL. Base Nacional Comum Curricular (2018), p. 426–427; BNCC_EI_EF_110518_versaofinal_site.pdf, páginas do PDF 428–429"
0e760b77-8216-546f-bcd0-bfdc92294a02,EF08HI22,EF_AF,8,História,O Brasil no século XIX,"A produção do imaginário nacional brasileiro: cultura popular, representações visuais, letras e o Romantismo no Brasil","Discutir o papel das culturas letradas, não letradas e das artes na produção das identidades no Brasil do século XIX.","BRASIL. Base Nacional Comum Curricular (2018), p. 426–427; BNCC_EI_EF_110518_versaofinal_site.pdf, páginas do PDF 428–429"
042e324b-0414-5242-9551-922b1a57fb99,EF08HI23,EF_AF,8,História,Configurações do mundo no século XIX,"Nacionalismo, revoluções e as novas nações europeias",Estabelecer relações causais entre as ideologias raciais e o determinismo no contexto do imperialismo europeu e seus impactos na África e na Ásia.,"BRASIL. Base Nacional Comum Curricular (2018), p. 426–427; BNCC_EI_EF_110518_versaofinal_site.pdf, páginas do PDF 428–429"
4526f557-c981-5230-bd2f-f9296ae0120b,EF08HI24,EF_AF,8,História,Configurações do mundo no século XIX,Uma nova ordem econômica: as demandas do capitalismo industrial e o lugar das economias africanas e asiáticas nas dinâmicas globais,"Reconhecer os principais produtos, utilizados pelos europeus, procedentes do continente africano durante o imperialismo e analisar os impactos sobre as comunidades locais na forma de organização e exploração econômica.","BRASIL. Base Nacional Comum Curricular (2018), p. 426–427; BNCC_EI_EF_110518_versaofinal_site.pdf, páginas do PDF 428–429"
242d6758-6e24-5d88-8e4f-054e7a86e3ca,EF08HI25,EF_AF,8,História,Configurações do mundo no século XIX,Os Estados Unidos da América e a América Latina no século XIX,Caracterizar e contextualizar aspectos das relações entre os Estados Unidos da América e a América Latina no século XIX.,"BRASIL. Base Nacional Comum Curricular (2018), p. 426–427; BNCC_EI_EF_110518_versaofinal_site.pdf, páginas do PDF 428–429"
f52a8506-82c0-597e-9ed7-86ed96361e49,EF08HI26,EF_AF,8,História,Configurações do mundo no século XIX,O imperialismo europeu e a partilha da África e da Ásia,Identificar e contextualizar o protagonismo das populações locais na resistência ao imperialismo na África e Ásia.,"BRASIL. Base Nacional Comum Curricular (2018), p. 426–427; BNCC_EI_EF_110518_versaofinal_site.pdf, páginas do PDF 428–429"
e32978db-0a82-531f-a3c1-788f982c7fd7,EF08HI27,EF_AF,8,História,Configurações do mundo no século XIX,"Pensamento e cultura no século XIX: darwinismo e racismo O discurso civilizatório nas Américas, o silenciamento dos saberes indígenas e as formas de integração e destruição de comunidades e povos indígenas A resistência dos povos e comunidades indígenas diante da ofensiva civilizatória","Identificar as tensões e os significados dos discursos civilizatórios, avaliando seus impactos negativos para os povos indígenas originários e as populações negras nas Américas.","BRASIL. Base Nacional Comum Curricular (2018), p. 426–427; BNCC_EI_EF_110518_versaofinal_site.pdf, páginas do PDF 428–429"
34cf0779-60c6-5a7d-a67d-ae37ea0b2777,EF08LI01,EF_AF,8,Língua Inglesa,Interação discursiva,Negociação de sentidos (mal-entendidos no uso da língua inglesa e conflito de opiniões),"Fazer uso da língua inglesa para resolver mal-entendidos, emitir opiniões e esclarecer informações por meio de paráfrases ou justificativas.","BRASIL. Base Nacional Comum Curricular (2018), p. 256–257; BNCC_EI_EF_110518_versaofinal_site.pdf, páginas do PDF 258–259"
350c777f-6fc5-55fd-a9b2-ccdff9a78878,EF08LI02,EF_AF,8,Língua Inglesa,Interação discursiva,Usos de recursos linguísticos e paralinguísticos no intercâmbio oral,"Explorar o uso de recursos linguísticos (frases incompletas, hesitações, entre outros) e paralinguísticos (gestos, expressões faciais, entre outros) em situações de interação oral.","BRASIL. Base Nacional Comum Curricular (2018), p. 256–257; BNCC_EI_EF_110518_versaofinal_site.pdf, páginas do PDF 258–259"
24bbef94-25e3-55f3-a581-e1630178cd4f,EF08LI03,EF_AF,8,Língua Inglesa,Compreensão oral,"Compreensão de textos orais, multimodais, de cunho informativo/jornalístico","Construir o sentido global de textos orais, relacionando suas partes, o assunto principal e informações relevantes.","BRASIL. Base Nacional Comum Curricular (2018), p. 256–257; BNCC_EI_EF_110518_versaofinal_site.pdf, páginas do PDF 258–259"
207bcc11-f4a3-51cc-96af-839233831f54,EF08LI04,EF_AF,8,Língua Inglesa,Produção oral,Produção de textos orais com autonomia,"Utilizar recursos e repertório linguísticos apropriados para informar/comunicar/falar do futuro: planos, previsões, possibilidades e probabilidades.","BRASIL. Base Nacional Comum Curricular (2018), p. 256–257; BNCC_EI_EF_110518_versaofinal_site.pdf, páginas do PDF 258–259"
25440142-566b-5eb2-9d9c-47e408cc6291,EF08LI05,EF_AF,8,Língua Inglesa,Estratégias de leitura,Construção de sentidos por meio de inferências e reconhecimento de implícitos,Inferir informações e relações que não aparecem de modo explícito no texto para construção de sentidos.,"BRASIL. Base Nacional Comum Curricular (2018), p. 256–257; BNCC_EI_EF_110518_versaofinal_site.pdf, páginas do PDF 258–259"
cb9121db-79d4-55e7-b6fb-15c657057683,EF08LI08,EF_AF,8,Língua Inglesa,Avaliação dos textos lidos,Reflexão pós-leitura,"Analisar, criticamente, o conteúdo de textos, comparando diferentes perspectivas apresentadas sobre um mesmo assunto.","BRASIL. Base Nacional Comum Curricular (2018), p. 256–257; BNCC_EI_EF_110518_versaofinal_site.pdf, páginas do PDF 258–259"
36e37911-cd99-5d9b-8904-fba7c73dbaa0,EF08LI09,EF_AF,8,Língua Inglesa,Estratégias de escrita: escrita e pós- escrita,Revisão de textos com a mediação do professor,"Avaliar a própria produção escrita e a de colegas, com base no contexto de comunicação (finalidade e adequação ao público, conteúdo a ser comunicado, organização textual, legibilidade, estrutura de frases).","BRASIL. Base Nacional Comum Curricular (2018), p. 256–257; BNCC_EI_EF_110518_versaofinal_site.pdf, páginas do PDF 258–259"
fdd5b0a0-7d61-5427-81c7-982c5af9ff4f,EF08LI10,EF_AF,8,Língua Inglesa,Estratégias de escrita: escrita e pós- escrita,Revisão de textos com a mediação do professor,"Reconstruir o texto, com cortes, acréscimos, reformulações e correções, para aprimoramento, edição e publicação final.","BRASIL. Base Nacional Comum Curricular (2018), p. 256–257; BNCC_EI_EF_110518_versaofinal_site.pdf, páginas do PDF 258–259"
f60b693c-a165-59a9-89bb-6f81bc2ec422,EF08LI11,EF_AF,8,Língua Inglesa,Práticas de escrita,Produção de textos escritos com mediação do professor/colegas,"Produzir textos (comentários em fóruns, relatos pessoais, mensagens instantâneas, tweets, reportagens, histórias de ficção, blogues, entre outros), com o uso de estratégias de escrita (planejamento, produção de rascunho, revisão e edição final), apontando sonhos e projetos para o futuro (pessoal, da família, da comunidade ou do planeta).","BRASIL. Base Nacional Comum Curricular (2018), p. 256–257; BNCC_EI_EF_110518_versaofinal_site.pdf, páginas do PDF 258–259"
3d3a2390-3a30-51f8-879c-302ef2d11985,EF08LI18,EF_AF,8,Língua Inglesa,Manifestações culturais,Construção de repertório artístico-cultural,"Construir repertório cultural por meio do contato com manifestações artístico-culturais vinculadas à língua inglesa (artes plásticas e visuais, literatura, música, cinema, dança, festividades, entre outros), valorizando a diversidade entre culturas.","BRASIL. Base Nacional Comum Curricular (2018), p. 258–259; BNCC_EI_EF_110518_versaofinal_site.pdf, páginas do PDF 260–261"
a3a5b69b-9add-5428-9649-302ac4171503,EF08LI19,EF_AF,8,Língua Inglesa,Comunicação intercultural,Impacto de aspectos culturais na comunicação,"Investigar de que forma expressões, gestos e comportamentos são interpretados em função de aspectos culturais.","BRASIL. Base Nacional Comum Curricular (2018), p. 258–259; BNCC_EI_EF_110518_versaofinal_site.pdf, páginas do PDF 260–261"
6539623d-25b1-5e81-b98c-9843521e68a8,EF08LI20,EF_AF,8,Língua Inglesa,Comunicação intercultural,Impacto de aspectos culturais na comunicação,Examinar fatores que podem impedir o entendimento entre pessoas de culturas diferentes que falam a língua inglesa.,"BRASIL. Base Nacional Comum Curricular (2018), p. 258–259; BNCC_EI_EF_110518_versaofinal_site.pdf, páginas do PDF 260–261"
7da14777-63ce-5a5a-a097-58084143e747,EF08LP01,EF_AF,8,Língua Portuguesa,CAMPO JORNALÍSTICO-MIDIÁTICO,"Reconstrução do contexto de produção, circulação e recepção de textos Caracterização do campo jornalístico e relação entre os gêneros em circulação, mídias e práticas da cultura digital","Identificar e comparar as várias editorias de jornais impressos e digitais e de sites noticiosos, de forma a refletir sobre os tipos de fato que são noticiados e comentados, as escolhas sobre o que noticiar e o que não noticiar e o destaque/enfoque dado e a fidedignidade da informação.","BRASIL. Base Nacional Comum Curricular (2018), p. 176–177; BNCC_EI_EF_110518_versaofinal_site.pdf, páginas do PDF 178–179"
9e8b4116-3e3f-588e-97d1-389a9612b293,EF08LP02,EF_AF,8,Língua Portuguesa,CAMPO JORNALÍSTICO-MIDIÁTICO,Relação entre textos,"Justificar diferenças ou semelhanças no tratamento dado a uma mesma informação veiculada em textos diferentes, consultando sites e serviços de checadores de fatos.","BRASIL. Base Nacional Comum Curricular (2018), p. 176–177; BNCC_EI_EF_110518_versaofinal_site.pdf, páginas do PDF 178–179"
aa4f6d2e-ec2d-5396-be9e-2bbd28a534cd,EF08LP03,EF_AF,8,Língua Portuguesa,CAMPO JORNALÍSTICO-MIDIÁTICO,Textualização de textos argumentativos e apreciativos,"Produzir artigos de opinião, tendo em vista o contexto de produção dado, a defesa de um ponto de vista, utilizando argumentos e contra-argumentos e articuladores de coesão que marquem relações de oposição, contraste, exemplificação, ênfase.","BRASIL. Base Nacional Comum Curricular (2018), p. 178–179; BNCC_EI_EF_110518_versaofinal_site.pdf, páginas do PDF 180–181"
23aa9139-3ef4-503b-8d59-f16c0b14a73a,EF08LP04,EF_AF,8,Língua Portuguesa,TODOS OS CAMPOS DE ATUAÇÃO,Fono-ortografia,"Utilizar, ao produzir texto, conhecimentos linguísticos e gramaticais: ortografia, regências e concordâncias nominal e verbal, modos e tempos verbais, pontuação etc.","BRASIL. Base Nacional Comum Curricular (2018), p. 186–187; BNCC_EI_EF_110518_versaofinal_site.pdf, páginas do PDF 188–189"
a7246264-ddeb-571f-af1d-81fbfa9bf4ad,EF08LP05,EF_AF,8,Língua Portuguesa,TODOS OS CAMPOS DE ATUAÇÃO,Léxico/morfologia,"Analisar processos de formação de palavras por composição (aglutinação e justaposição), apropriando-se de regras básicas de uso do hífen em palavras compostas.","BRASIL. Base Nacional Comum Curricular (2018), p. 186–187; BNCC_EI_EF_110518_versaofinal_site.pdf, páginas do PDF 188–189"
d742c627-8fdb-5bb6-a089-16efd4623ed1,EF08LP06,EF_AF,8,Língua Portuguesa,TODOS OS CAMPOS DE ATUAÇÃO,Morfossintaxe,"Identificar, em textos lidos ou de produção própria, os termos constitutivos da oração (sujeito e seus modificadores, verbo e seus complementos e modificadores).","BRASIL. Base Nacional Comum Curricular (2018), p. 188–189; BNCC_EI_EF_110518_versaofinal_site.pdf, páginas do PDF 190–191"
35eb3240-00d6-5f15-b722-7412ee7115ae,EF08LP07,EF_AF,8,Língua Portuguesa,TODOS OS CAMPOS DE ATUAÇÃO,Morfossintaxe,"Diferenciar, em textos lidos ou de produção própria, complementos diretos e indiretos de verbos transitivos, apropriando-se da regência de verbos de uso frequente.","BRASIL. Base Nacional Comum Curricular (2018), p. 188–189; BNCC_EI_EF_110518_versaofinal_site.pdf, páginas do PDF 190–191"
bc14d3bf-85a1-5b62-bc8c-463b591e90b7,EF08LP08,EF_AF,8,Língua Portuguesa,TODOS OS CAMPOS DE ATUAÇÃO,Morfossintaxe,"Identificar, em textos lidos ou de produção própria, verbos na voz ativa e na voz passiva, interpretando os efeitos de sentido de sujeito ativo e passivo (agente da passiva).","BRASIL. Base Nacional Comum Curricular (2018), p. 188–189; BNCC_EI_EF_110518_versaofinal_site.pdf, páginas do PDF 190–191"
8b9ba26b-5a7d-574a-a23f-ada0e34889ff,EF08LP09,EF_AF,8,Língua Portuguesa,TODOS OS CAMPOS DE ATUAÇÃO,Morfossintaxe,"Interpretar efeitos de sentido de modificadores (adjuntos adnominais – artigos definido ou indefinido, adjetivos, expressões adjetivas) em substantivos com função de sujeito ou de complemento verbal, usando-os para enriquecer seus próprios textos.","BRASIL. Base Nacional Comum Curricular (2018), p. 188–189; BNCC_EI_EF_110518_versaofinal_site.pdf, páginas do PDF 190–191"
ac70894f-6319-5665-9d07-a3ef51c2dcb7,EF08LP10,EF_AF,8,Língua Portuguesa,TODOS OS CAMPOS DE ATUAÇÃO,Morfossintaxe,"Interpretar, em textos lidos ou de produção própria, efeitos de sentido de modificadores do verbo (adjuntos adverbiais – advérbios e expressões adverbiais), usando-os para enriquecer seus próprios textos.","BRASIL. Base Nacional Comum Curricular (2018), p. 188–189; BNCC_EI_EF_110518_versaofinal_site.pdf, páginas do PDF 190–191"
aeae25e1-3eae-56a6-89bc-f7fadef53076,EF08LP11,EF_AF,8,Língua Portuguesa,TODOS OS CAMPOS DE ATUAÇÃO,Morfossintaxe,"Identificar, em textos lidos ou de produção própria, agrupamento de orações em períodos, diferenciando coordenação de subordinação.","BRASIL. Base Nacional Comum Curricular (2018), p. 188–189; BNCC_EI_EF_110518_versaofinal_site.pdf, páginas do PDF 190–191"
41625096-2ce0-549f-9807-f272b768932e,EF08LP12,EF_AF,8,Língua Portuguesa,TODOS OS CAMPOS DE ATUAÇÃO,Morfossintaxe,"Identificar, em textos lidos, orações subordinadas com conjunções de uso frequente, incorporando-as às suas próprias produções.","BRASIL. Base Nacional Comum Curricular (2018), p. 188–189; BNCC_EI_EF_110518_versaofinal_site.pdf, páginas do PDF 190–191"
25995d9a-a77d-52b6-b2e6-0422164cd998,EF08LP13,EF_AF,8,Língua Portuguesa,TODOS OS CAMPOS DE ATUAÇÃO,Morfossintaxe,Inferir efeitos de sentido decorrentes do uso de recursos de coesão sequencial: conjunções e articuladores textuais.,"BRASIL. Base Nacional Comum Curricular (2018), p. 188–189; BNCC_EI_EF_110518_versaofinal_site.pdf, páginas do PDF 190–191"
b2cc648e-b7ce-547e-aae5-1e4555b1d2f6,EF08LP14,EF_AF,8,Língua Portuguesa,TODOS OS CAMPOS DE ATUAÇÃO,Semântica,"Utilizar, ao produzir texto, recursos de coesão sequencial (articuladores) e referencial (léxica e pronominal), construções passivas e impessoais, discurso direto e indireto e outros recursos expressivos adequados ao gênero textual.","BRASIL. Base Nacional Comum Curricular (2018), p. 190–191; BNCC_EI_EF_110518_versaofinal_site.pdf, páginas do PDF 192–193"
33632c64-b60e-54ff-b726-2c0e917acd04,EF08LP15,EF_AF,8,Língua Portuguesa,TODOS OS CAMPOS DE ATUAÇÃO,Coesão,"Estabelecer relações entre partes do texto, identificando o antecedente de um pronome relativo ou o referente comum de uma cadeia de substituições lexicais.","BRASIL. Base Nacional Comum Curricular (2018), p. 190–191; BNCC_EI_EF_110518_versaofinal_site.pdf, páginas do PDF 192–193"
053f69ba-e332-533e-be93-2655b500823e,EF08LP16,EF_AF,8,Língua Portuguesa,TODOS OS CAMPOS DE ATUAÇÃO,Modalização,"Explicar os efeitos de sentido do uso, em textos, de estratégias de modalização e argumentatividade (sinais de pontuação, adjetivos, substantivos, expressões de grau, verbos e perífrases verbais, advérbios etc.).","BRASIL. Base Nacional Comum Curricular (2018), p. 190–191; BNCC_EI_EF_110518_versaofinal_site.pdf, páginas do PDF 192–193"
d1f62b4f-e18b-502e-93bd-4ab8587e3d1b,EF08MA01,EF_AF,8,Matemática,Números,Notação científica,Efetuar cálculos com potências de expoentes inteiros e aplicar esse conhecimento na representação de números em notação científica.,"BRASIL. Base Nacional Comum Curricular (2018), p. 312–313; BNCC_EI_EF_110518_versaofinal_site.pdf, páginas do PDF 314–315"
9f25750c-58d9-5de5-9d6d-93c3ab404105,EF08MA04,EF_AF,8,Matemática,Números,Porcentagens,"Resolver e elaborar problemas, envolvendo cálculo de porcentagens, incluindo o uso de tecnologias digitais.","BRASIL. Base Nacional Comum Curricular (2018), p. 312–313; BNCC_EI_EF_110518_versaofinal_site.pdf, páginas do PDF 314–315"
ee0efcb1-422c-5884-8b63-114489e2b04d,EF08MA06,EF_AF,8,Matemática,Álgebra,Valor numérico de expressões algébricas,"Resolver e elaborar problemas que envolvam cálculo do valor numérico de expressões algébricas, utilizando as propriedades das operações.","BRASIL. Base Nacional Comum Curricular (2018), p. 312–313; BNCC_EI_EF_110518_versaofinal_site.pdf, páginas do PDF 314–315"
076cf1bd-7163-5d48-894d-80621efcefa1,EF08MA08,EF_AF,8,Matemática,Álgebra,Sistema de equações polinomiais de 1º grau: resolução algébrica e representação no plano cartesiano,"Resolver e elaborar problemas relacionados ao seu contexto próximo, que possam ser representados por sistemas de equações de 1º grau com duas incógnitas e interpretá-los, utilizando, inclusive, o plano cartesiano como recurso.","BRASIL. Base Nacional Comum Curricular (2018), p. 312–313; BNCC_EI_EF_110518_versaofinal_site.pdf, páginas do PDF 314–315"
9c8487c3-a015-5d39-84fe-d61d688e2ee0,EF08MA12,EF_AF,8,Matemática,Álgebra,"Variação de grandezas: diretamente proporcionais, inversamente proporcionais ou não proporcionais","Identificar a natureza da variação de duas grandezas, diretamente, inversamente proporcionais ou não proporcionais, expressando a relação existente por meio de sentença algébrica e representá-la no plano cartesiano.","BRASIL. Base Nacional Comum Curricular (2018), p. 312–313; BNCC_EI_EF_110518_versaofinal_site.pdf, páginas do PDF 314–315"
6d79d8bf-bcb4-560a-a464-d310d96173e8,EF08MA13,EF_AF,8,Matemática,Álgebra,"Variação de grandezas: diretamente proporcionais, inversamente proporcionais ou não proporcionais","Resolver e elaborar problemas que envolvam grandezas diretamente ou inversamente proporcionais, por meio de estratégias variadas.","BRASIL. Base Nacional Comum Curricular (2018), p. 312–313; BNCC_EI_EF_110518_versaofinal_site.pdf, páginas do PDF 314–315"
b2fc94ff-b134-55d2-81fd-580cff550b84,EF08MA19,EF_AF,8,Matemática,Grandezas e medidas,Área de figuras planas Área do círculo e comprimento de sua circunferência,"Resolver e elaborar problemas que envolvam medidas de área de figuras geométricas, utilizando expressões de cálculo de área (quadriláteros, triângulos e círculos), em situações como determinar medida de terrenos.","BRASIL. Base Nacional Comum Curricular (2018), p. 314–315; BNCC_EI_EF_110518_versaofinal_site.pdf, páginas do PDF 316–317"
39779677-fd3e-58c2-9cb8-1c781af885c2,EF08MA20,EF_AF,8,Matemática,Grandezas e medidas,Volume de bloco retangular Medidas de capacidade,"Reconhecer a relação entre um litro e um decímetro cúbico e a relação entre litro e metro cúbico, para resolver problemas de cálculo de capacidade de recipientes.","BRASIL. Base Nacional Comum Curricular (2018), p. 314–315; BNCC_EI_EF_110518_versaofinal_site.pdf, páginas do PDF 316–317"
d523cead-4888-51eb-8e10-2820856fa122,EF08MA21,EF_AF,8,Matemática,Grandezas e medidas,Volume de bloco retangular Medidas de capacidade,Resolver e elaborar problemas que envolvam o cálculo do volume de recipiente cujo formato é o de um bloco retangular.,"BRASIL. Base Nacional Comum Curricular (2018), p. 314–315; BNCC_EI_EF_110518_versaofinal_site.pdf, páginas do PDF 316–317"
66e9b646-891e-5c20-967e-da3d0a8d35b6,EF08MA22,EF_AF,8,Matemática,Probabilidade e estatística,Princípio multiplicativo da contagem Soma das probabilidades de todos os elementos de um espaço amostral,"Calcular a probabilidade de eventos, com base na construção do espaço amostral, utilizando o princípio multiplicativo, e reconhecer que a soma das probabilidades de todos os elementos do espaço amostral é igual a 1.","BRASIL. Base Nacional Comum Curricular (2018), p. 314–315; BNCC_EI_EF_110518_versaofinal_site.pdf, páginas do PDF 316–317"
ae8a7d33-ce1e-5a30-9d22-76980caf0ff8,EF08MA23,EF_AF,8,Matemática,Probabilidade e estatística,"Gráficos de barras, colunas, linhas ou setores e seus elementos constitutivos e adequação para determinado conjunto de dados",Avaliar a adequação de diferentes tipos de gráficos para representar um conjunto de dados de uma pesquisa.,"BRASIL. Base Nacional Comum Curricular (2018), p. 314–315; BNCC_EI_EF_110518_versaofinal_site.pdf, páginas do PDF 316–317"
1f96911f-35bd-555b-882d-e08cf480b66b,EF08MA24,EF_AF,8,Matemática,Probabilidade e estatística,Organização dos dados de uma variável contínua em classes,"Classificar as frequências de uma variável contínua de uma pesquisa em classes, de modo que resumam os dados de maneira adequada para a tomada de decisões.","BRASIL. Base Nacional Comum Curricular (2018), p. 314–315; BNCC_EI_EF_110518_versaofinal_site.pdf, páginas do PDF 316–317"
129b5a45-6fb4-58f2-aa8d-1f270b5acace,EF08MA25,EF_AF,8,Matemática,Probabilidade e estatística,Medidas de tendência central e de dispersão,"Obter os valores de medidas de tendência central de uma pesquisa estatística (média, moda e mediana) com a compreensão de seus significados e relacioná-los com a dispersão de dados, indicada pela amplitude.","BRASIL. Base Nacional Comum Curricular (2018), p. 314–315; BNCC_EI_EF_110518_versaofinal_site.pdf, páginas do PDF 316–317"
43117589-fde2-5791-a655-bec5f600985d,EF08MA26,EF_AF,8,Matemática,Probabilidade e estatística,Pesquisas censitária ou amostral Planejamento e execução de pesquisa amostral,"Selecionar razões, de diferentes naturezas (física, ética ou econômica), que justificam a realização de pesquisas amostrais e não censitárias, e reconhecer que a seleção da amostra pode ser feita de diferentes maneiras (amostra casual simples, sistemática e estratificada).","BRASIL. Base Nacional Comum Curricular (2018), p. 314–315; BNCC_EI_EF_110518_versaofinal_site.pdf, páginas do PDF 316–317"
f2d6b8bf-2425-52da-ab0f-bad6e463ceb7,EF08MA27,EF_AF,8,Matemática,Probabilidade e estatística,Pesquisas censitária ou amostral Planejamento e execução de pesquisa amostral,"Planejar e executar pesquisa amostral, selecionando uma técnica de amostragem adequada, e escrever relatório que contenha os gráficos apropriados para representar os conjuntos de dados, destacando aspectos como as medidas de tendência central, a amplitude e as conclusões.","BRASIL. Base Nacional Comum Curricular (2018), p. 314–315; BNCC_EI_EF_110518_versaofinal_site.pdf, páginas do PDF 316–317"
b7b9a7a9-ab08-5b9c-a5d9-6029f8825221,EF09CI05,EF_AF,9,Ciências,Matéria e energia,Aspectos quantitativos das transformações químicas Estrutura da matéria Radiações e suas aplicações na saúde,Investigar os principais mecanismos envolvidos na transmissão e recepção de imagem e som que revolucionaram os sistemas de comunicação humana.,"BRASIL. Base Nacional Comum Curricular (2018), p. 350–351; BNCC_EI_EF_110518_versaofinal_site.pdf, páginas do PDF 352–353"
77c8a124-22b2-536b-874e-941e4072f49f,EF09CI06,EF_AF,9,Ciências,Matéria e energia,Aspectos quantitativos das transformações químicas Estrutura da matéria Radiações e suas aplicações na saúde,"Classificar as radiações eletromagnéticas por suas frequências, fontes e aplicações, discutindo e avaliando as implicações de seu uso em controle remoto, telefone celular, raio X, forno de micro-ondas, fotocélulas etc.","BRASIL. Base Nacional Comum Curricular (2018), p. 350–351; BNCC_EI_EF_110518_versaofinal_site.pdf, páginas do PDF 352–353"
a248a64b-5603-5cb8-a9be-46529ed3c4d2,EF09CI07,EF_AF,9,Ciências,Matéria e energia,Aspectos quantitativos das transformações químicas Estrutura da matéria Radiações e suas aplicações na saúde,"Discutir o papel do avanço tecnológico na aplicação das radiações na medicina diagnóstica (raio X, ultrassom, ressonância nuclear magnética) e no tratamento de doenças (radioterapia, cirurgia ótica a laser, infravermelho, ultravioleta etc.).","BRASIL. Base Nacional Comum Curricular (2018), p. 350–351; BNCC_EI_EF_110518_versaofinal_site.pdf, páginas do PDF 352–353"
74ddc7c6-a006-5a72-b6ea-11f4d9c7b7d5,EF09CI10,EF_AF,9,Ciências,Vida e evolução,Hereditariedade Ideias evolucionistas Preservação da biodiversidade,"Comparar as ideias evolucionistas de Lamarck e Darwin apresentadas em textos científicos e históricos, identificando semelhanças e diferenças entre essas ideias e sua importância para explicar a diversidade biológica.","BRASIL. Base Nacional Comum Curricular (2018), p. 350–351; BNCC_EI_EF_110518_versaofinal_site.pdf, páginas do PDF 352–353"
4117b42b-215c-56b6-a4f7-c9c62da06b51,EF09CI11,EF_AF,9,Ciências,Vida e evolução,Hereditariedade Ideias evolucionistas Preservação da biodiversidade,"Discutir a evolução e a diversidade das espécies com base na atuação da seleção natural sobre as variantes de uma mesma espécie, resultantes de processo reprodutivo.","BRASIL. Base Nacional Comum Curricular (2018), p. 350–351; BNCC_EI_EF_110518_versaofinal_site.pdf, páginas do PDF 352–353"
336ba1bf-3ab3-51af-94b6-f4534ea5229c,EF09CI12,EF_AF,9,Ciências,Vida e evolução,Hereditariedade Ideias evolucionistas Preservação da biodiversidade,"Justificar a importância das unidades de conservação para a preservação da biodiversidade e do patrimônio nacional, considerando os diferentes tipos de unidades (parques, reservas e florestas nacionais), as populações humanas e as atividades a eles relacionados.","BRASIL. Base Nacional Comum Curricular (2018), p. 350–351; BNCC_EI_EF_110518_versaofinal_site.pdf, páginas do PDF 352–353"
23b8cadd-f283-5dda-9afe-13f30d7cb462,EF09CI13,EF_AF,9,Ciências,Vida e evolução,Hereditariedade Ideias evolucionistas Preservação da biodiversidade,"Propor iniciativas individuais e coletivas para a solução de problemas ambientais da cidade ou da comunidade, com base na análise de ações de consumo consciente e de sustentabilidade bem-sucedidas.","BRASIL. Base Nacional Comum Curricular (2018), p. 350–351; BNCC_EI_EF_110518_versaofinal_site.pdf, páginas do PDF 352–353"
66b85572-c4f7-5b78-ada9-9900b7547c64,EF09CI15,EF_AF,9,Ciências,Terra e Universo,"Composição, estrutura e localização do Sistema Solar no Universo Astronomia e cultura Vida humana fora da Terra Ordem de grandeza astronômica Evolução estelar","Relacionar diferentes leituras do céu e explicações sobre a origem da Terra, do Sol ou do Sistema Solar às necessidades de distintas culturas (agricultura, caça, mito, orientação espacial e temporal etc.).","BRASIL. Base Nacional Comum Curricular (2018), p. 350–351; BNCC_EI_EF_110518_versaofinal_site.pdf, páginas do PDF 352–353"
56a20b22-0183-5133-9a0a-3e2b9b42c802,EF09CI16,EF_AF,9,Ciências,Terra e Universo,"Composição, estrutura e localização do Sistema Solar no Universo Astronomia e cultura Vida humana fora da Terra Ordem de grandeza astronômica Evolução estelar","Selecionar argumentos sobre a viabilidade da sobrevivência humana fora da Terra, com base nas condições necessárias à vida, nas características dos planetas e nas distâncias e nos tempos envolvidos em viagens interplanetárias e interestelares.","BRASIL. Base Nacional Comum Curricular (2018), p. 350–351; BNCC_EI_EF_110518_versaofinal_site.pdf, páginas do PDF 352–353"
9d1eeaec-257c-55f5-acad-e2210fd9af0b,EF09ER01,EF_AF,9,Ensino Religioso,Crenças religiosas e filosofias de vida,Imanência e transcendência,Analisar princípios e orientações para o cuidado da vida e nas diversas tradições religiosas e filosofias de vida.,"BRASIL. Base Nacional Comum Curricular (2018), p. 458–459; BNCC_EI_EF_110518_versaofinal_site.pdf, páginas do PDF 460–461"
f4fe422e-7d2e-58bd-b9e9-1beafb8e81f9,EF09ER02,EF_AF,9,Ensino Religioso,Crenças religiosas e filosofias de vida,Imanência e transcendência,"Discutir as diferentes expressões de valorização e de desrespeito à vida, por meio da análise de matérias nas diferentes mídias.","BRASIL. Base Nacional Comum Curricular (2018), p. 458–459; BNCC_EI_EF_110518_versaofinal_site.pdf, páginas do PDF 460–461"
beb73ab5-e6f4-51b9-a69d-06b46921ec35,EF09ER06,EF_AF,9,Ensino Religioso,Crenças religiosas e filosofias de vida,Princípios e valores éticos,Reconhecer a coexistência como uma atitude ética de respeito à vida e à dignidade humana.,"BRASIL. Base Nacional Comum Curricular (2018), p. 458–459; BNCC_EI_EF_110518_versaofinal_site.pdf, páginas do PDF 460–461"
a62529d5-e46a-502b-b213-f8a05b1111a1,EF09ER07,EF_AF,9,Ensino Religioso,Crenças religiosas e filosofias de vida,Princípios e valores éticos,"Identificar princípios éticos (familiares, religiosos e culturais) que possam alicerçar a construção de projetos de vida.","BRASIL. Base Nacional Comum Curricular (2018), p. 458–459; BNCC_EI_EF_110518_versaofinal_site.pdf, páginas do PDF 460–461"
d39c614e-0293-54ac-b8f9-cea5dd6d31f2,EF09ER08,EF_AF,9,Ensino Religioso,Crenças religiosas e filosofias de vida,Princípios e valores éticos,Construir projetos de vida assentados em princípios e valores éticos.,"BRASIL. Base Nacional Comum Curricular (2018), p. 458–459; BNCC_EI_EF_110518_versaofinal_site.pdf, páginas do PDF 460–461"
3b4d46ae-4371-56ab-b82d-9fbee3c981cb,EF09GE01,EF_AF,9,Geografia,O sujeito e seu lugar no mundo,"A hegemonia europeia na economia, na política e na cultura","Analisar criticamente de que forma a hegemonia europeia foi exercida em várias regiões do planeta, notadamente em situações de conflito, intervenções militares e/ou influência cultural em diferentes tempos e lugares.","BRASIL. Base Nacional Comum Curricular (2018), p. 392–393; BNCC_EI_EF_110518_versaofinal_site.pdf, páginas do PDF 394–395"
c86b6fe5-1640-5d59-a844-3c0a1907a5e3,EF09GE02,EF_AF,9,Geografia,O sujeito e seu lugar no mundo,Corporações e organismos internacionais,"Analisar a atuação das corporações internacionais e das organizações econômicas mundiais na vida da população em relação ao consumo, à cultura e à mobilidade.","BRASIL. Base Nacional Comum Curricular (2018), p. 392–393; BNCC_EI_EF_110518_versaofinal_site.pdf, páginas do PDF 394–395"
3b4c31d5-d837-514b-af9c-b23a50fcfba1,EF09GE03,EF_AF,9,Geografia,O sujeito e seu lugar no mundo,As manifestações culturais na formação populacional,"Identificar diferentes manifestações culturais de minorias étnicas como forma de compreender a multiplicidade cultural na escala mundial, defendendo o princípio do respeito às diferenças.","BRASIL. Base Nacional Comum Curricular (2018), p. 392–393; BNCC_EI_EF_110518_versaofinal_site.pdf, páginas do PDF 394–395"
d6c2d607-d967-57ac-a3f5-3feddfdf4ee8,EF09GE04,EF_AF,9,Geografia,O sujeito e seu lugar no mundo,As manifestações culturais na formação populacional,"Relacionar diferenças de paisagens aos modos de viver de diferentes povos na Europa, Ásia e Oceania, valorizando identidades e interculturalidades regionais.","BRASIL. Base Nacional Comum Curricular (2018), p. 392–393; BNCC_EI_EF_110518_versaofinal_site.pdf, páginas do PDF 394–395"
1ba81eee-239e-5398-9339-61201d6aa3dc,EF09GE05,EF_AF,9,Geografia,Conexões e escalas,Integração mundial e suas interpretações: globalização e mundialização,"Analisar fatos e situações para compreender a integração mundial (econômica, política e cultural), comparando as diferentes interpretações: globalização e mundialização.","BRASIL. Base Nacional Comum Curricular (2018), p. 392–393; BNCC_EI_EF_110518_versaofinal_site.pdf, páginas do PDF 394–395"
6e694900-d488-5b8a-85f1-9844e1ddaba5,EF09GE06,EF_AF,9,Geografia,Conexões e escalas,A divisão do mundo em Ocidente e Oriente,Associar o critério de divisão do mundo em Ocidente e Oriente com o Sistema Colonial implantado pelas potências europeias.,"BRASIL. Base Nacional Comum Curricular (2018), p. 392–393; BNCC_EI_EF_110518_versaofinal_site.pdf, páginas do PDF 394–395"
1fe383c9-c035-5288-9039-b3d5bc30ea97,EF09GE07,EF_AF,9,Geografia,Conexões e escalas,"Intercâmbios históricos e culturais entre Europa, Ásia e Oceania",Analisar os componentes físico-naturais da Eurásia e os determinantes histórico-geográficos de sua divisão em Europa e Ásia.,"BRASIL. Base Nacional Comum Curricular (2018), p. 392–393; BNCC_EI_EF_110518_versaofinal_site.pdf, páginas do PDF 394–395"
c8eb6f63-6833-5e2c-9da1-f63943f28c4a,EF09GE08,EF_AF,9,Geografia,Conexões e escalas,"Intercâmbios históricos e culturais entre Europa, Ásia e Oceania","Analisar transformações territoriais, considerando o movimento de fronteiras, tensões, conflitos e múltiplas regionalidades na Europa, na Ásia e na Oceania.","BRASIL. Base Nacional Comum Curricular (2018), p. 392–393; BNCC_EI_EF_110518_versaofinal_site.pdf, páginas do PDF 394–395"
21cb7d76-9d94-5f8c-89e5-2b388034e612,EF09GE09,EF_AF,9,Geografia,Conexões e escalas,"Intercâmbios históricos e culturais entre Europa, Ásia e Oceania","Analisar características de países e grupos de países europeus, asiáticos e da Oceania em seus aspectos populacionais, urbanos, políticos e econômicos, e discutir suas desigualdades sociais e econômicas e pressões sobre seus ambientes físico-naturais.","BRASIL. Base Nacional Comum Curricular (2018), p. 392–393; BNCC_EI_EF_110518_versaofinal_site.pdf, páginas do PDF 394–395"
f4801ce1-e0bb-59be-9f75-9ccf33272927,EF09GE10,EF_AF,9,Geografia,Mundo do trabalho,Transformações do espaço na sociedade urbano-industrial,"Analisar os impactos do processo de industrialização na produção e circulação de produtos e culturas na Europa, na Ásia e na Oceania.","BRASIL. Base Nacional Comum Curricular (2018), p. 392–393; BNCC_EI_EF_110518_versaofinal_site.pdf, páginas do PDF 394–395"
a06663f9-522c-5a49-a39e-657b293b820e,EF09GE11,EF_AF,9,Geografia,Mundo do trabalho,Transformações do espaço na sociedade urbano-industrial,Relacionar as mudanças técnicas e científicas decorrentes do processo de industrialização com as transformações no trabalho em diferentes regiões do mundo e suas consequências no Brasil.,"BRASIL. Base Nacional Comum Curricular (2018), p. 392–393; BNCC_EI_EF_110518_versaofinal_site.pdf, páginas do PDF 394–395"
fc63e1a3-253a-5753-8463-b49fc0943440,EF09GE12,EF_AF,9,Geografia,Mundo do trabalho,Cadeias industriais e inovação no uso dos recursos naturais e matérias-primas,"Relacionar o processo de urbanização às transformações da produção agropecuária, à expansão do desemprego estrutural e ao papel crescente do capital financeiro em diferentes países, com destaque para o Brasil.","BRASIL. Base Nacional Comum Curricular (2018), p. 392–393; BNCC_EI_EF_110518_versaofinal_site.pdf, páginas do PDF 394–395"
a2fe452b-2288-57f5-9e91-59696d60d721,EF09GE13,EF_AF,9,Geografia,Mundo do trabalho,Cadeias industriais e inovação no uso dos recursos naturais e matérias-primas,Analisar a importância da produção agropecuária na sociedade urbano-industrial ante o problema da desigualdade mundial de acesso aos recursos alimentares e à matéria-prima.,"BRASIL. Base Nacional Comum Curricular (2018), p. 392–393; BNCC_EI_EF_110518_versaofinal_site.pdf, páginas do PDF 394–395"
e59cf79b-fac8-51cc-933e-89ef3de362bd,EF09GE14,EF_AF,9,Geografia,Formas de representação e pensamento espacial,"Leitura e elaboração de mapas temáticos, croquis e outras formas de representação para analisar informações geográficas","Elaborar e interpretar gráficos de barras e de setores, mapas temáticos e esquemáticos (croquis) e anamorfoses geográficas para analisar, sintetizar e apresentar dados e informações sobre diversidade, diferenças e desigualdades sociopolíticas e geopolíticas mundiais.","BRASIL. Base Nacional Comum Curricular (2018), p. 394–395; BNCC_EI_EF_110518_versaofinal_site.pdf, páginas do PDF 396–397"
aa36e142-7792-5fff-95b3-64eadac85590,EF09GE15,EF_AF,9,Geografia,Formas de representação e pensamento espacial,"Leitura e elaboração de mapas temáticos, croquis e outras formas de representação para analisar informações geográficas","Comparar e classificar diferentes regiões do mundo com base em informações populacionais, econômicas e socioambientais representadas em mapas temáticos e com diferentes projeções cartográficas.","BRASIL. Base Nacional Comum Curricular (2018), p. 394–395; BNCC_EI_EF_110518_versaofinal_site.pdf, páginas do PDF 396–397"
c6a4d122-0716-582b-93f7-02029b67af3d,EF09GE16,EF_AF,9,Geografia,"Natureza, ambientes e qualidade de vida","Diversidade ambiental e as transformações nas paisagens na Europa, na Ásia e na Oceania","Identificar e comparar diferentes domínios morfoclimáticos da Europa, da Ásia e da Oceania.","BRASIL. Base Nacional Comum Curricular (2018), p. 394–395; BNCC_EI_EF_110518_versaofinal_site.pdf, páginas do PDF 396–397"
cae6ffab-9496-5f47-9b7a-28ece65f1169,EF09GE17,EF_AF,9,Geografia,"Natureza, ambientes e qualidade de vida","Diversidade ambiental e as transformações nas paisagens na Europa, na Ásia e na Oceania","Explicar as características físico-naturais e a forma de ocupação e usos da terra em diferentes regiões da Europa, da Ásia e da Oceania.","BRASIL. Base Nacional Comum Curricular (2018), p. 394–395; BNCC_EI_EF_110518_versaofinal_site.pdf, páginas do PDF 396–397"
562d340f-2e66-5c0a-b07c-5e683cfa355f,EF09GE18,EF_AF,9,Geografia,"Natureza, ambientes e qualidade de vida","Diversidade ambiental e as transformações nas paisagens na Europa, na Ásia e na Oceania","Identificar e analisar as cadeias industriais e de inovação e as consequências dos usos de recursos naturais e das diferentes fontes de energia (tais como termoelétrica, hidrelétrica, eólica e nuclear) em diferentes países.","BRASIL. Base Nacional Comum Curricular (2018), p. 394–395; BNCC_EI_EF_110518_versaofinal_site.pdf, páginas do PDF 396–397"
14902a69-5179-5646-885a-7d935633aef0,EF09HI01,EF_AF,9,História,O nascimento da República no Brasil e os processos históricos até a metade do século XX,Experiências republicanas e práticas autoritárias: as tensões e disputas do mundo contemporâneo A proclamação da República e seus primeiros desdobramentos,"Descrever e contextualizar os principais aspectos sociais, culturais, econômicos e políticos da emergência da República no Brasil.","BRASIL. Base Nacional Comum Curricular (2018), p. 428–429; BNCC_EI_EF_110518_versaofinal_site.pdf, páginas do PDF 430–431"
f6d926b3-d28b-5fb4-8940-168cf6672103,EF09HI02,EF_AF,9,História,O nascimento da República no Brasil e os processos históricos até a metade do século XX,Experiências republicanas e práticas autoritárias: as tensões e disputas do mundo contemporâneo A proclamação da República e seus primeiros desdobramentos,"Caracterizar e compreender os ciclos da história republicana, identificando particularidades da história local e regional até 1954.","BRASIL. Base Nacional Comum Curricular (2018), p. 428–429; BNCC_EI_EF_110518_versaofinal_site.pdf, páginas do PDF 430–431"
ed61082b-09ac-5a9b-a73b-600c58ba5fdd,EF09HI03,EF_AF,9,História,O nascimento da República no Brasil e os processos históricos até a metade do século XX,A questão da inserção dos negros no período republicano do pós-abolição Os movimentos sociais e a imprensa negra; a cultura afro-brasileira como elemento de resistência e superação das discriminações,Identificar os mecanismos de inserção dos negros na sociedade brasileira pós-abolição e avaliar os seus resultados.,"BRASIL. Base Nacional Comum Curricular (2018), p. 428–429; BNCC_EI_EF_110518_versaofinal_site.pdf, páginas do PDF 430–431"
ecdf9284-c99a-579e-8c0e-a2d4e2560a51,EF09HI04,EF_AF,9,História,O nascimento da República no Brasil e os processos históricos até a metade do século XX,A questão da inserção dos negros no período republicano do pós-abolição Os movimentos sociais e a imprensa negra; a cultura afro-brasileira como elemento de resistência e superação das discriminações,"Discutir a importância da participação da população negra na formação econômica, política e social do Brasil.","BRASIL. Base Nacional Comum Curricular (2018), p. 428–429; BNCC_EI_EF_110518_versaofinal_site.pdf, páginas do PDF 430–431"
e4fa651f-7eb0-5b2a-823f-174f0eb218b1,EF09HI05,EF_AF,9,História,O nascimento da República no Brasil e os processos históricos até a metade do século XX,Primeira República e suas características Contestações e dinâmicas da vida cultural no Brasil entre 1900 e 1930,Identificar os processos de urbanização e modernização da sociedade brasileira e avaliar suas contradições e impactos na região em que vive.,"BRASIL. Base Nacional Comum Curricular (2018), p. 428–429; BNCC_EI_EF_110518_versaofinal_site.pdf, páginas do PDF 430–431"
530f9751-f88a-53e7-a0b6-0b9cbdc72b43,EF09HI06,EF_AF,9,História,O nascimento da República no Brasil e os processos históricos até a metade do século XX,O período varguista e suas contradições A emergência da vida urbana e a segregação espacial O trabalhismo e seu protagonismo político,"Identificar e discutir o papel do trabalhismo como força política, social e cultural no Brasil, em diferentes escalas (nacional, regional, cidade, comunidade).","BRASIL. Base Nacional Comum Curricular (2018), p. 428–429; BNCC_EI_EF_110518_versaofinal_site.pdf, páginas do PDF 430–431"
0accfaa1-7b99-5d81-9701-d692aa96d372,EF09HI07,EF_AF,9,História,O nascimento da República no Brasil e os processos históricos até a metade do século XX,A questão indígena durante a República (até 1964),"Identificar e explicar, em meio a lógicas de inclusão e exclusão, as pautas dos povos indígenas, no contexto republicano (até 1964), e das populações afrodescendentes.","BRASIL. Base Nacional Comum Curricular (2018), p. 428–429; BNCC_EI_EF_110518_versaofinal_site.pdf, páginas do PDF 430–431"
4e35715a-6f29-53ce-93ba-800ceb581e16,EF09HI08,EF_AF,9,História,O nascimento da República no Brasil e os processos históricos até a metade do século XX,Anarquismo e protagonismo feminino,Identificar as transformações ocorridas no debate sobre as questões da diversidade no Brasil durante o século XX e compreender o significado das mudanças de abordagem em relação ao tema.,"BRASIL. Base Nacional Comum Curricular (2018), p. 428–429; BNCC_EI_EF_110518_versaofinal_site.pdf, páginas do PDF 430–431"
63d8d76b-0dbd-563a-aa73-6d8c9688550c,EF09HI09,EF_AF,9,História,O nascimento da República no Brasil e os processos históricos até a metade do século XX,Anarquismo e protagonismo feminino,"Relacionar as conquistas de direitos políticos, sociais e civis à atuação de movimentos sociais.","BRASIL. Base Nacional Comum Curricular (2018), p. 428–429; BNCC_EI_EF_110518_versaofinal_site.pdf, páginas do PDF 430–431"
844abf2c-2264-52bb-a685-0b9fc161f527,EF09HI10,EF_AF,9,História,Totalitarismos e conflitos mundiais,O mundo em conflito: a Primeira Guerra Mundial A questão da Palestina A Revolução Russa A crise capitalista de 1929,"Identificar e relacionar as dinâmicas do capitalismo e suas crises, os grandes conflitos mundiais e os conflitos vivenciados na Europa.","BRASIL. Base Nacional Comum Curricular (2018), p. 428–429; BNCC_EI_EF_110518_versaofinal_site.pdf, páginas do PDF 430–431"
48e3e366-5c7c-5136-8cd0-fce67317d490,EF09HI11,EF_AF,9,História,Totalitarismos e conflitos mundiais,O mundo em conflito: a Primeira Guerra Mundial A questão da Palestina A Revolução Russa A crise capitalista de 1929,Identificar as especificidades e os desdobramentos mundiais da Revolução Russa e seu significado histórico.,"BRASIL. Base Nacional Comum Curricular (2018), p. 428–429; BNCC_EI_EF_110518_versaofinal_site.pdf, páginas do PDF 430–431"
71f6aaab-90ac-5fa9-9965-0db504ea78a4,EF09HI12,EF_AF,9,História,Totalitarismos e conflitos mundiais,O mundo em conflito: a Primeira Guerra Mundial A questão da Palestina A Revolução Russa A crise capitalista de 1929,Analisar a crise capitalista de 1929 e seus desdobramentos em relação à economia global.,"BRASIL. Base Nacional Comum Curricular (2018), p. 428–429; BNCC_EI_EF_110518_versaofinal_site.pdf, páginas do PDF 430–431"
b51737da-0a23-5ffa-87c2-0b6396ac64b9,EF09HI13,EF_AF,9,História,Totalitarismos e conflitos mundiais,A emergência do fascismo e do nazismo A Segunda Guerra Mundial Judeus e outras vítimas do holocausto,"Descrever e contextualizar os processos da emergência do fascismo e do nazismo, a consolidação dos estados totalitários e as práticas de extermínio (como o holocausto).","BRASIL. Base Nacional Comum Curricular (2018), p. 428–429; BNCC_EI_EF_110518_versaofinal_site.pdf, páginas do PDF 430–431"
869d25fe-3ad5-50ba-9002-1826951d9581,EF09HI14,EF_AF,9,História,Totalitarismos e conflitos mundiais,"O colonialismo na África As guerras mundiais, a crise do colonialismo e o advento dos nacionalismos africanos e asiáticos",Caracterizar e discutir as dinâmicas do colonialismo no continente africano e asiático e as lógicas de resistência das populações locais diante das questões internacionais.,"BRASIL. Base Nacional Comum Curricular (2018), p. 428–429; BNCC_EI_EF_110518_versaofinal_site.pdf, páginas do PDF 430–431"
52cf827b-3757-577e-acfb-cafe95f14429,EF09HI15,EF_AF,9,História,Totalitarismos e conflitos mundiais,A Organização das Nações Unidas (ONU) e a questão dos Direitos Humanos,Discutir as motivações que levaram à criação da Organização das Nações Unidas (ONU) no contexto do pós-guerra e os propósitos dessa organização.,"BRASIL. Base Nacional Comum Curricular (2018), p. 428–429; BNCC_EI_EF_110518_versaofinal_site.pdf, páginas do PDF 430–431"
99ffabb6-7f39-589d-8bd1-efae0b164fad,EF09HI16,EF_AF,9,História,Totalitarismos e conflitos mundiais,A Organização das Nações Unidas (ONU) e a questão dos Direitos Humanos,"Relacionar a Carta dos Direitos Humanos ao processo de afirmação dos direitos fundamentais e de defesa da dignidade humana, valorizando as instituições voltadas para a defesa desses direitos e para a identificação dos agentes responsáveis por sua violação.","BRASIL. Base Nacional Comum Curricular (2018), p. 428–429; BNCC_EI_EF_110518_versaofinal_site.pdf, páginas do PDF 430–431"
bb5b9b16-df32-5762-981d-8d4f0e2a1dfc,EF09HI17,EF_AF,9,História,"Modernização, ditadura civil-militar e redemocratização: o Brasil após 1946",O Brasil da era JK e o ideal de uma nação moderna: a urbanização e seus desdobramentos em um país em transformação,"Identificar e analisar processos sociais, econômicos, culturais e políticos do Brasil a partir de 1946.","BRASIL. Base Nacional Comum Curricular (2018), p. 430–431; BNCC_EI_EF_110518_versaofinal_site.pdf, páginas do PDF 432–433"
6323009d-d004-5682-8eef-55573fcbe04c,EF09HI18,EF_AF,9,História,"Modernização, ditadura civil-militar e redemocratização: o Brasil após 1946",O Brasil da era JK e o ideal de uma nação moderna: a urbanização e seus desdobramentos em um país em transformação,Descrever e analisar as relações entre as transformações urbanas e seus impactos na cultura brasileira entre 1946 e 1964 e na produção das desigualdades regionais e sociais.,"BRASIL. Base Nacional Comum Curricular (2018), p. 430–431; BNCC_EI_EF_110518_versaofinal_site.pdf, páginas do PDF 432–433"
287238b4-f0d3-5353-947a-f20fd2b9257d,EF09HI19,EF_AF,9,História,"Modernização, ditadura civil-militar e redemocratização: o Brasil após 1946",Os anos 1960: revolução cultural? A ditadura civil-militar e os processos de resistência As questões indígena e negra e a ditadura,Identificar e compreender o processo que resultou na ditadura civil-militar no Brasil e discutir a emergência de questões relacionadas à memória e à justiça sobre os casos de violação dos direitos humanos.,"BRASIL. Base Nacional Comum Curricular (2018), p. 430–431; BNCC_EI_EF_110518_versaofinal_site.pdf, páginas do PDF 432–433"
a3f7eb1c-5bf1-5823-af26-1bfd06f5a65d,EF09HI20,EF_AF,9,História,"Modernização, ditadura civil-militar e redemocratização: o Brasil após 1946",Os anos 1960: revolução cultural? A ditadura civil-militar e os processos de resistência As questões indígena e negra e a ditadura,Discutir os processos de resistência e as propostas de reorganização da sociedade brasileira durante a ditadura civil-militar.,"BRASIL. Base Nacional Comum Curricular (2018), p. 430–431; BNCC_EI_EF_110518_versaofinal_site.pdf, páginas do PDF 432–433"
aa715150-983e-51e6-9fb4-1004311ce1c6,EF09HI21,EF_AF,9,História,"Modernização, ditadura civil-militar e redemocratização: o Brasil após 1946",Os anos 1960: revolução cultural? A ditadura civil-militar e os processos de resistência As questões indígena e negra e a ditadura,Identificar e relacionar as demandas indígenas e quilombolas como forma de contestação ao modelo desenvolvimentista da ditadura.,"BRASIL. Base Nacional Comum Curricular (2018), p. 430–431; BNCC_EI_EF_110518_versaofinal_site.pdf, páginas do PDF 432–433"
478fd024-94b5-5c30-b35b-97b4e284efbf,EF09HI22,EF_AF,9,História,"Modernização, ditadura civil-militar e redemocratização: o Brasil após 1946","O processo de redemocratização A Constituição de 1988 e a emancipação das cidadanias (analfabetos, indígenas, negros, jovens etc.) A história recente do Brasil: transformações políticas, econômicas, sociais e culturais de 1989 aos dias atuais Os protagonismos da sociedade civil e as alterações da sociedade brasileira A questão da violência contra populações marginalizadas O Brasil e suas relações internacionais na era da globalização",Discutir o papel da mobilização da sociedade brasileira do final do período ditatorial até a Constituição de 1988.,"BRASIL. Base Nacional Comum Curricular (2018), p. 430–431; BNCC_EI_EF_110518_versaofinal_site.pdf, páginas do PDF 432–433"
6eecec2b-1517-55b1-9c17-8d64e21fc22a,EF09HI23,EF_AF,9,História,"Modernização, ditadura civil-militar e redemocratização: o Brasil após 1946","O processo de redemocratização A Constituição de 1988 e a emancipação das cidadanias (analfabetos, indígenas, negros, jovens etc.) A história recente do Brasil: transformações políticas, econômicas, sociais e culturais de 1989 aos dias atuais Os protagonismos da sociedade civil e as alterações da sociedade brasileira A questão da violência contra populações marginalizadas O Brasil e suas relações internacionais na era da globalização","Identificar direitos civis, políticos e sociais expressos na Constituição de 1988 e relacioná-los à noção de cidadania e ao pacto da sociedade brasileira de combate a diversas formas de preconceito, como o racismo.","BRASIL. Base Nacional Comum Curricular (2018), p. 430–431; BNCC_EI_EF_110518_versaofinal_site.pdf, páginas do PDF 432–433"
4cf02708-3f04-524e-8910-94637fae867c,EF09HI24,EF_AF,9,História,"Modernização, ditadura civil-militar e redemocratização: o Brasil após 1946","O processo de redemocratização A Constituição de 1988 e a emancipação das cidadanias (analfabetos, indígenas, negros, jovens etc.) A história recente do Brasil: transformações políticas, econômicas, sociais e culturais de 1989 aos dias atuais Os protagonismos da sociedade civil e as alterações da sociedade brasileira A questão da violência contra populações marginalizadas O Brasil e suas relações internacionais na era da globalização","Analisar as transformações políticas, econômicas, sociais e culturais de 1989 aos dias atuais, identificando questões prioritárias para a promoção da cidadania e dos valores democráticos.","BRASIL. Base Nacional Comum Curricular (2018), p. 430–431; BNCC_EI_EF_110518_versaofinal_site.pdf, páginas do PDF 432–433"
9904e6b0-96e2-5efa-a441-4b7164743f18,EF09HI25,EF_AF,9,História,"Modernização, ditadura civil-militar e redemocratização: o Brasil após 1946","O processo de redemocratização A Constituição de 1988 e a emancipação das cidadanias (analfabetos, indígenas, negros, jovens etc.) A história recente do Brasil: transformações políticas, econômicas, sociais e culturais de 1989 aos dias atuais Os protagonismos da sociedade civil e as alterações da sociedade brasileira A questão da violência contra populações marginalizadas O Brasil e suas relações internacionais na era da globalização",Relacionar as transformações da sociedade brasileira aos protagonismos da sociedade civil após 1989.,"BRASIL. Base Nacional Comum Curricular (2018), p. 430–431; BNCC_EI_EF_110518_versaofinal_site.pdf, páginas do PDF 432–433"
aca7f72a-4dde-5514-90a8-70260626356b,EF09HI26,EF_AF,9,História,"Modernização, ditadura civil-militar e redemocratização: o Brasil após 1946","O processo de redemocratização A Constituição de 1988 e a emancipação das cidadanias (analfabetos, indígenas, negros, jovens etc.) A história recente do Brasil: transformações políticas, econômicas, sociais e culturais de 1989 aos dias atuais Os protagonismos da sociedade civil e as alterações da sociedade brasileira A questão da violência contra populações marginalizadas O Brasil e suas relações internacionais na era da globalização","Discutir e analisar as causas da violência contra populações marginalizadas (negros, indígenas, mulheres, homossexuais, camponeses, pobres etc.) com vistas à tomada de consciência e à construção de uma cultura de paz, empatia e respeito às pessoas.","BRASIL. Base Nacional Comum Curricular (2018), p. 430–431; BNCC_EI_EF_110518_versaofinal_site.pdf, páginas do PDF 432–433"
86efa661-4fe7-567f-8960-8a9323b7c93c,EF09HI27,EF_AF,9,História,"Modernização, ditadura civil-militar e redemocratização: o Brasil após 1946","O processo de redemocratização A Constituição de 1988 e a emancipação das cidadanias (analfabetos, indígenas, negros, jovens etc.) A história recente do Brasil: transformações políticas, econômicas, sociais e culturais de 1989 aos dias atuais Os protagonismos da sociedade civil e as alterações da sociedade brasileira A questão da violência contra populações marginalizadas O Brasil e suas relações internacionais na era da globalização","Relacionar aspectos das mudanças econômicas, culturais e sociais ocorridas no Brasil a partir da década de 1990 ao papel do País no cenário internacional na era da globalização.","BRASIL. Base Nacional Comum Curricular (2018), p. 430–431; BNCC_EI_EF_110518_versaofinal_site.pdf, páginas do PDF 432–433"
a966fb3b-0c4d-55a4-b12f-13019e4a0f36,EF09HI28,EF_AF,9,História,A história recente,A Guerra Fria: confrontos de dois modelos políticos A Revolução Chinesa e as tensões entre China e Rússia A Revolução Cubana e as tensões entre Estados Unidos da América e Cuba,"Identificar e analisar aspectos da Guerra Fria, seus principais conflitos e as tensões geopolíticas no interior dos blocos liderados por soviéticos e estadunidenses.","BRASIL. Base Nacional Comum Curricular (2018), p. 432–433; BNCC_EI_EF_110518_versaofinal_site.pdf, páginas do PDF 434–435"
7b719da8-9b2e-56c9-8176-86436b76190d,EF09HI29,EF_AF,9,História,A história recente,As experiências ditatoriais na América Latina,"Descrever e analisar as experiências ditatoriais na América Latina, seus procedimentos e vínculos com o poder, em nível nacional e internacional, e a atuação de movimentos de contestação às ditaduras.","BRASIL. Base Nacional Comum Curricular (2018), p. 432–433; BNCC_EI_EF_110518_versaofinal_site.pdf, páginas do PDF 434–435"
09fd2777-f17f-540e-a14e-e202550e5fc9,EF09HI30,EF_AF,9,História,A história recente,As experiências ditatoriais na América Latina,"Comparar as características dos regimes ditatoriais latino-americanos, com especial atenção para a censura política, a opressão e o uso da força, bem como para as reformas econômicas e sociais e seus impactos.","BRASIL. Base Nacional Comum Curricular (2018), p. 432–433; BNCC_EI_EF_110518_versaofinal_site.pdf, páginas do PDF 434–435"
254a5150-4d5e-5a59-a486-aac9faa40edf,EF09HI31,EF_AF,9,História,A história recente,Os processos de descolonização na África e na Ásia,Descrever e avaliar os processos de descolonização na África e na Ásia.,"BRASIL. Base Nacional Comum Curricular (2018), p. 432–433; BNCC_EI_EF_110518_versaofinal_site.pdf, páginas do PDF 434–435"
8ee86e96-5bf3-5006-8f46-2711100f2707,EF09HI32,EF_AF,9,História,A história recente,O fim da Guerra Fria e o processo de globalização Políticas econômicas na América Latina,"Analisar mudanças e permanências associadas ao processo de globalização, considerando os argumentos dos movimentos críticos às políticas globais.","BRASIL. Base Nacional Comum Curricular (2018), p. 432–433; BNCC_EI_EF_110518_versaofinal_site.pdf, páginas do PDF 434–435"
010a46f2-13be-57ad-85d1-6697e819f889,EF09HI33,EF_AF,9,História,A história recente,O fim da Guerra Fria e o processo de globalização Políticas econômicas na América Latina,Analisar as transformações nas relações políticas locais e globais geradas pelo desenvolvimento das tecnologias digitais de informação e comunicação.,"BRASIL. Base Nacional Comum Curricular (2018), p. 432–433; BNCC_EI_EF_110518_versaofinal_site.pdf, páginas do PDF 434–435"
5d9dcee2-45a5-5be5-8a89-5c89cf969e36,EF09HI34,EF_AF,9,História,A história recente,O fim da Guerra Fria e o processo de globalização Políticas econômicas na América Latina,"Discutir as motivações da adoção de diferentes políticas econômicas na América Latina, assim como seus impactos sociais nos países da região.","BRASIL. Base Nacional Comum Curricular (2018), p. 432–433; BNCC_EI_EF_110518_versaofinal_site.pdf, páginas do PDF 434–435"
2abed441-9a95-5138-84eb-a090ece1a20c,EF09HI35,EF_AF,9,História,A história recente,"Os conflitos do século XXI e a questão do terrorismo Pluralidades e diversidades identitárias na atualidade As pautas dos povos indígenas no século XXI e suas formas de inserção no debate local, regional, nacional e internacional","Analisar os aspectos relacionados ao fenômeno do terrorismo na contemporaneidade, incluindo os movimentos migratórios e os choques entre diferentes grupos e culturas.","BRASIL. Base Nacional Comum Curricular (2018), p. 432–433; BNCC_EI_EF_110518_versaofinal_site.pdf, páginas do PDF 434–435"
cbbd2340-0339-5670-be42-27df37886193,EF09HI36,EF_AF,9,História,A história recente,"Os conflitos do século XXI e a questão do terrorismo Pluralidades e diversidades identitárias na atualidade As pautas dos povos indígenas no século XXI e suas formas de inserção no debate local, regional, nacional e internacional","Identificar e discutir as diversidades identitárias e seus significados históricos no início do século XXI, combatendo qualquer forma de preconceito e violência.","BRASIL. Base Nacional Comum Curricular (2018), p. 432–433; BNCC_EI_EF_110518_versaofinal_site.pdf, páginas do PDF 434–435"
e3b0c38f-fb09-58db-acf9-0b77d8da7eeb,EF09LI01,EF_AF,9,Língua Inglesa,Interação discursiva,Funções e usos da língua inglesa: persuasão,"Fazer uso da língua inglesa para expor pontos de vista, argumentos e contra-argumentos, considerando o contexto e os recursos linguísticos voltados para a eficácia da comunicação.","BRASIL. Base Nacional Comum Curricular (2018), p. 260–261; BNCC_EI_EF_110518_versaofinal_site.pdf, páginas do PDF 262–263"
c875cf6d-a717-5505-a553-f8256314065e,EF09LI02,EF_AF,9,Língua Inglesa,Compreensão oral,"Compreensão de textos orais, multimodais, de cunho argumentativo",Compilar as ideias-chave de textos por meio de tomada de notas.,"BRASIL. Base Nacional Comum Curricular (2018), p. 260–261; BNCC_EI_EF_110518_versaofinal_site.pdf, páginas do PDF 262–263"
3c99e511-1659-5518-aab2-b591b832709b,EF09LI03,EF_AF,9,Língua Inglesa,Compreensão oral,"Compreensão de textos orais, multimodais, de cunho argumentativo",Analisar posicionamentos defendidos e refutados em textos orais sobre temas de interesse social e coletivo.,"BRASIL. Base Nacional Comum Curricular (2018), p. 260–261; BNCC_EI_EF_110518_versaofinal_site.pdf, páginas do PDF 262–263"
ad87b92d-8fb5-5f26-a8e0-58d8757779e4,EF09LI04,EF_AF,9,Língua Inglesa,Produção oral,Produção de textos orais com autonomia,"Expor resultados de pesquisa ou estudo com o apoio de recursos, tais como notas, gráficos, tabelas, entre outros, adequando as estratégias de construção do texto oral aos objetivos de comunicação e ao contexto.","BRASIL. Base Nacional Comum Curricular (2018), p. 260–261; BNCC_EI_EF_110518_versaofinal_site.pdf, páginas do PDF 262–263"
be7eab95-896c-511a-bc54-3f7a884f676f,EF09LI05,EF_AF,9,Língua Inglesa,Estratégias de leitura,Recursos de persuasão,"Identificar recursos de persuasão (escolha e jogo de palavras, uso de cores e imagens, tamanho de letras), utilizados nos textos publicitários e de propaganda, como elementos de convencimento.","BRASIL. Base Nacional Comum Curricular (2018), p. 260–261; BNCC_EI_EF_110518_versaofinal_site.pdf, páginas do PDF 262–263"
fdf1965b-8342-5bb4-be98-c655b9100e35,EF09LI06,EF_AF,9,Língua Inglesa,Estratégias de leitura,Recursos de argumentação,Distinguir fatos de opiniões em textos argumentativos da esfera jornalística.,"BRASIL. Base Nacional Comum Curricular (2018), p. 260–261; BNCC_EI_EF_110518_versaofinal_site.pdf, páginas do PDF 262–263"
d79c42f7-f541-5c0d-a0e3-8fddff3e25ea,EF09LI07,EF_AF,9,Língua Inglesa,Estratégias de leitura,Recursos de argumentação,Identificar argumentos principais e as evidências/exemplos que os sustentam.,"BRASIL. Base Nacional Comum Curricular (2018), p. 260–261; BNCC_EI_EF_110518_versaofinal_site.pdf, páginas do PDF 262–263"
644a2002-f1f2-5ea0-a650-e3767718fa12,EF09LI08,EF_AF,9,Língua Inglesa,Práticas de leitura e novas tecnologias,Informações em ambientes virtuais,"Explorar ambientes virtuais de informação e socialização, analisando a qualidade e a validade das informações veiculadas.","BRASIL. Base Nacional Comum Curricular (2018), p. 260–261; BNCC_EI_EF_110518_versaofinal_site.pdf, páginas do PDF 262–263"
24898f64-ec50-51c0-a611-fca08fd1ba9e,EF09LI09,EF_AF,9,Língua Inglesa,Avaliação dos textos lidos,Reflexão pós-leitura,"Compartilhar, com os colegas, a leitura dos textos escritos pelo grupo, valorizando os diferentes pontos de vista defendidos, com ética e respeito.","BRASIL. Base Nacional Comum Curricular (2018), p. 260–261; BNCC_EI_EF_110518_versaofinal_site.pdf, páginas do PDF 262–263"
bd0f93dd-5d05-52d7-848c-8b59f1506e10,EF09LI10,EF_AF,9,Língua Inglesa,Estratégias de escrita,Escrita: construção da argumentação,"Propor potenciais argumentos para expor e defender ponto de vista em texto escrito, refletindo sobre o tema proposto e pesquisando dados, evidências e exemplos para sustentar os argumentos, organizando-os em sequência lógica.","BRASIL. Base Nacional Comum Curricular (2018), p. 262–263; BNCC_EI_EF_110518_versaofinal_site.pdf, páginas do PDF 264–265"
0eb81e34-372c-58f0-b24f-91ffaf3b06df,EF09LI11,EF_AF,9,Língua Inglesa,Estratégias de escrita,Escrita: construção da persuasão,"Utilizar recursos verbais e não verbais para construção da persuasão em textos da esfera publicitária, de forma adequada ao contexto de circulação (produção e compreensão).","BRASIL. Base Nacional Comum Curricular (2018), p. 262–263; BNCC_EI_EF_110518_versaofinal_site.pdf, páginas do PDF 264–265"
f43a6a59-112a-5a3e-adb0-049e1907fa97,EF09LI12,EF_AF,9,Língua Inglesa,Práticas de escrita,"Produção de textos escritos, com mediação do professor/colegas","Produzir textos (infográficos, fóruns de discussão on-line, fotorreportagens, campanhas publicitárias, memes, entre outros) sobre temas de interesse coletivo local ou global, que revelem posicionamento crítico.","BRASIL. Base Nacional Comum Curricular (2018), p. 262–263; BNCC_EI_EF_110518_versaofinal_site.pdf, páginas do PDF 264–265"
c0a07d55-eaed-5a11-8914-6db9e82ea18d,EF09LI13,EF_AF,9,Língua Inglesa,Estudo do léxico,Usos de linguagem em meio digital: “internetês”,"Reconhecer, nos novos gêneros digitais (blogues, mensagens instantâneas, tweets, entre outros), novas formas de escrita (abreviação de palavras, palavras com combinação de letras e números, pictogramas, símbolos gráficos, entre outros) na constituição das mensagens.","BRASIL. Base Nacional Comum Curricular (2018), p. 262–263; BNCC_EI_EF_110518_versaofinal_site.pdf, páginas do PDF 264–265"
3f579897-7d34-581f-8379-7cdb2c104111,EF09LI14,EF_AF,9,Língua Inglesa,Estudo do léxico,Conectores (linking words),"Utilizar conectores indicadores de adição, condição, oposição, contraste, conclusão e síntese como auxiliares na construção da argumentação e intencionalidade discursiva.","BRASIL. Base Nacional Comum Curricular (2018), p. 262–263; BNCC_EI_EF_110518_versaofinal_site.pdf, páginas do PDF 264–265"
988277c6-244c-51eb-8ab5-62b754f49bd0,EF09LI16,EF_AF,9,Língua Inglesa,Gramática,"Verbos modais: should, must, have to, may e might","Empregar, de modo inteligível, os verbos should, must, have to, may e might para indicar recomendação, necessidade ou obrigação e probabilidade.","BRASIL. Base Nacional Comum Curricular (2018), p. 262–263; BNCC_EI_EF_110518_versaofinal_site.pdf, páginas do PDF 264–265"
62cccdf9-6aac-5fa5-989d-fb387d0c96fc,EF09LI17,EF_AF,9,Língua Inglesa,A língua inglesa no mundo,Expansão da língua inglesa: contexto histórico,"Debater sobre a expansão da língua inglesa pelo mundo, em função do processo de colonização nas Américas, África, Ásia e Oceania.","BRASIL. Base Nacional Comum Curricular (2018), p. 262–263; BNCC_EI_EF_110518_versaofinal_site.pdf, páginas do PDF 264–265"
5c1fdf52-0f58-581c-bb6d-7ae9691c20be,EF09LI18,EF_AF,9,Língua Inglesa,A língua inglesa no mundo,"A língua inglesa e seu papel no intercâmbio científico, econômico e político","Analisar a importância da língua inglesa para o desenvolvimento das ciências (produção, divulgação e discussão de novos conhecimentos), da economia e da política no cenário mundial.","BRASIL. Base Nacional Comum Curricular (2018), p. 262–263; BNCC_EI_EF_110518_versaofinal_site.pdf, páginas do PDF 264–265"
fe919157-c4c8-550c-a05b-141856239177,EF09LI19,EF_AF,9,Língua Inglesa,Comunicação intercultural,Construção de identidades no mundo globalizado,Discutir a comunicação intercultural por meio da língua inglesa como mecanismo de valorização pessoal e de construção de identidades no mundo globalizado.,"BRASIL. Base Nacional Comum Curricular (2018), p. 262–263; BNCC_EI_EF_110518_versaofinal_site.pdf, páginas do PDF 264–265"
9f0d5535-c78d-5fd1-a7e7-48189a7c04e2,EF09LP01,EF_AF,9,Língua Portuguesa,CAMPO JORNALÍSTICO-MIDIÁTICO,"Reconstrução do contexto de produção, circulação e recepção de textos Caracterização do campo jornalístico e relação entre os gêneros em circulação, mídias e práticas da cultura digital","Analisar o fenômeno da disseminação de notícias falsas nas redes sociais e desenvolver estratégias para reconhecê-las, a partir da verificação/avaliação do veículo, fonte, data e local da publicação, autoria, URL, da análise da formatação, da comparação de diferentes fontes, da consulta a sites de curadoria que atestam a fidedignidade do relato dos fatos e denunciam boatos etc.","BRASIL. Base Nacional Comum Curricular (2018), p. 176–177; BNCC_EI_EF_110518_versaofinal_site.pdf, páginas do PDF 178–179"
8572b1a3-8567-559a-9b3b-8514699cecfa,EF09LP02,EF_AF,9,Língua Portuguesa,CAMPO JORNALÍSTICO-MIDIÁTICO,Relação entre textos,"Analisar e comentar a cobertura da imprensa sobre fatos de relevância social, comparando diferentes enfoques por meio do uso de ferramentas de curadoria.","BRASIL. Base Nacional Comum Curricular (2018), p. 176–177; BNCC_EI_EF_110518_versaofinal_site.pdf, páginas do PDF 178–179"
5bd723f5-3821-5a5e-aa7b-0ab172a3b6c0,EF09LP03,EF_AF,9,Língua Portuguesa,CAMPO JORNALÍSTICO-MIDIÁTICO,Textualização de textos argumentativos e apreciativos,"Produzir artigos de opinião, tendo em vista o contexto de produção dado, assumindo posição diante de tema polêmico, argumentando de acordo com a estrutura própria desse tipo de texto e utilizando diferentes tipos de argumentos – de autoridade, comprovação, exemplificação princípio etc.","BRASIL. Base Nacional Comum Curricular (2018), p. 178–179; BNCC_EI_EF_110518_versaofinal_site.pdf, páginas do PDF 180–181"
ed0a0d03-adbf-5ec9-9500-c1272ffe05cd,EF09LP04,EF_AF,9,Língua Portuguesa,TODOS OS CAMPOS DE ATUAÇÃO,Fono-ortografia,"Escrever textos corretamente, de acordo com a norma-padrão, com estruturas sintáticas complexas no nível da oração e do período.","BRASIL. Base Nacional Comum Curricular (2018), p. 186–187; BNCC_EI_EF_110518_versaofinal_site.pdf, páginas do PDF 188–189"
927bd25a-d452-5b89-8808-a6370bec790e,EF09LP05,EF_AF,9,Língua Portuguesa,TODOS OS CAMPOS DE ATUAÇÃO,Morfossintaxe,"Identificar, em textos lidos e em produções próprias, orações com a estrutura sujeito-verbo de ligação-predicativo.","BRASIL. Base Nacional Comum Curricular (2018), p. 188–189; BNCC_EI_EF_110518_versaofinal_site.pdf, páginas do PDF 190–191"
ee0b4f11-446b-5585-a5cf-773b22c17188,EF09LP06,EF_AF,9,Língua Portuguesa,TODOS OS CAMPOS DE ATUAÇÃO,Morfossintaxe,"Diferenciar, em textos lidos e em produções próprias, o efeito de sentido do uso dos verbos de ligação “ser”, “estar”, “ficar”, “parecer” e “permanecer”.","BRASIL. Base Nacional Comum Curricular (2018), p. 188–189; BNCC_EI_EF_110518_versaofinal_site.pdf, páginas do PDF 190–191"
1c545628-5f0b-5308-a4ad-a89d75080d54,EF09LP07,EF_AF,9,Língua Portuguesa,TODOS OS CAMPOS DE ATUAÇÃO,Morfossintaxe,Comparar o uso de regência verbal e regência nominal na norma-padrão com seu uso no português brasileiro coloquial oral.,"BRASIL. Base Nacional Comum Curricular (2018), p. 188–189; BNCC_EI_EF_110518_versaofinal_site.pdf, páginas do PDF 190–191"
68e9f95c-fe30-51d9-9355-48fefe0f599d,EF09LP08,EF_AF,9,Língua Portuguesa,TODOS OS CAMPOS DE ATUAÇÃO,Morfossintaxe,"Identificar, em textos lidos e em produções próprias, a relação que conjunções (e locuções conjuntivas) coordenativas e subordinativas estabelecem entre as orações que conectam.","BRASIL. Base Nacional Comum Curricular (2018), p. 188–189; BNCC_EI_EF_110518_versaofinal_site.pdf, páginas do PDF 190–191"
d73033b0-93b5-5eda-b32e-e03c6cb5e56d,EF09LP09,EF_AF,9,Língua Portuguesa,TODOS OS CAMPOS DE ATUAÇÃO,Elementos notacionais da escrita/morfossintaxe,Identificar efeitos de sentido do uso de orações adjetivas restritivas e explicativas em um período composto.,"BRASIL. Base Nacional Comum Curricular (2018), p. 190–191; BNCC_EI_EF_110518_versaofinal_site.pdf, páginas do PDF 192–193"
609460f1-1460-5191-b29a-44f5e6ebfd68,EF09LP10,EF_AF,9,Língua Portuguesa,TODOS OS CAMPOS DE ATUAÇÃO,Coesão,Comparar as regras de colocação pronominal na norma-padrão com o seu uso no português brasileiro coloquial.,"BRASIL. Base Nacional Comum Curricular (2018), p. 190–191; BNCC_EI_EF_110518_versaofinal_site.pdf, páginas do PDF 192–193"
6238a37c-2a29-531e-8860-07d60e6bb8c7,EF09LP11,EF_AF,9,Língua Portuguesa,TODOS OS CAMPOS DE ATUAÇÃO,Coesão,Inferir efeitos de sentido decorrentes do uso de recursos de coesão sequencial (conjunções e articuladores textuais).,"BRASIL. Base Nacional Comum Curricular (2018), p. 190–191; BNCC_EI_EF_110518_versaofinal_site.pdf, páginas do PDF 192–193"
87eff26e-74a8-506f-9177-40bd91f720c0,EF09LP12,EF_AF,9,Língua Portuguesa,TODOS OS CAMPOS DE ATUAÇÃO,Variação linguística,"Identificar estrangeirismos, caracterizando-os segundo a conservação, ou não, de sua forma gráfica de origem, avaliando a pertinência, ou não, de seu uso.","BRASIL. Base Nacional Comum Curricular (2018), p. 190–191; BNCC_EI_EF_110518_versaofinal_site.pdf, páginas do PDF 192–193"
3705dbef-9da7-55a9-8334-ad2709750a62,EF09MA04,EF_AF,9,Matemática,Números,Números reais: notação científica e problemas,"Resolver e elaborar problemas com números reais, inclusive em notação científica, envolvendo diferentes operações.","BRASIL. Base Nacional Comum Curricular (2018), p. 316–317; BNCC_EI_EF_110518_versaofinal_site.pdf, páginas do PDF 318–319"
03e97bfc-1668-5f72-9f8c-b395e6b89c48,EF09MA05,EF_AF,9,Matemática,Números,Porcentagens: problemas que envolvem cálculo de percentuais sucessivos,"Resolver e elaborar problemas que envolvam porcentagens, com a ideia de aplicação de percentuais sucessivos e a determinação das taxas percentuais, preferencialmente com o uso de tecnologias digitais, no contexto da educação financeira.","BRASIL. Base Nacional Comum Curricular (2018), p. 316–317; BNCC_EI_EF_110518_versaofinal_site.pdf, páginas do PDF 318–319"
a69ee3b6-f1fd-5395-ad3c-fa71ee0ab5c9,EF09MA06,EF_AF,9,Matemática,Álgebra,"Funções: representações numérica, algébrica e gráfica","Compreender as funções como relações de dependência unívoca entre duas variáveis e suas representações numérica, algébrica e gráfica e utilizar esse conceito para analisar situações que envolvam relações funcionais entre duas variáveis.","BRASIL. Base Nacional Comum Curricular (2018), p. 316–317; BNCC_EI_EF_110518_versaofinal_site.pdf, páginas do PDF 318–319"
e9eb7420-ba1b-56fe-8c0f-41e79fbc1063,EF09MA07,EF_AF,9,Matemática,Álgebra,Razão entre grandezas de espécies diferentes,"Resolver problemas que envolvam a razão entre duas grandezas de espécies diferentes, como velocidade e densidade demográfica.","BRASIL. Base Nacional Comum Curricular (2018), p. 316–317; BNCC_EI_EF_110518_versaofinal_site.pdf, páginas do PDF 318–319"
13c66d13-f9dc-5e74-9b17-1878c6cd9da4,EF09MA08,EF_AF,9,Matemática,Álgebra,Grandezas diretamente proporcionais e grandezas inversamente proporcionais,"Resolver e elaborar problemas que envolvam relações de proporcionalidade direta e inversa entre duas ou mais grandezas, inclusive escalas, divisão em partes proporcionais e taxa de variação, em contextos socioculturais, ambientais e de outras áreas.","BRASIL. Base Nacional Comum Curricular (2018), p. 316–317; BNCC_EI_EF_110518_versaofinal_site.pdf, páginas do PDF 318–319"
8d4a3498-df97-5fd4-b443-f9391251106f,EF09MA18,EF_AF,9,Matemática,Grandezas e medidas,Unidades de medida para medir distâncias muito grandes e muito pequenas Unidades de medida utilizadas na informática,"Reconhecer e empregar unidades usadas para expressar medidas muito grandes ou muito pequenas, tais como distância entre planetas e sistemas solares, tamanho de vírus ou de células, capacidade de armazenamento de computadores, entre outros.","BRASIL. Base Nacional Comum Curricular (2018), p. 318–319; BNCC_EI_EF_110518_versaofinal_site.pdf, páginas do PDF 320–321"
bd84618a-e293-512d-98c0-5ccc55d9d275,EF09MA19,EF_AF,9,Matemática,Grandezas e medidas,Volume de prismas e cilindros,"Resolver e elaborar problemas que envolvam medidas de volumes de prismas e de cilindros retos, inclusive com uso de expressões de cálculo, em situações cotidianas.","BRASIL. Base Nacional Comum Curricular (2018), p. 318–319; BNCC_EI_EF_110518_versaofinal_site.pdf, páginas do PDF 320–321"
2969cb9d-7cab-5127-8303-299c64723ddb,EF09MA20,EF_AF,9,Matemática,Probabilidade e estatística,Análise de probabilidade de eventos aleatórios: eventos dependentes e independentes,"Reconhecer, em experimentos aleatórios, eventos independentes e dependentes e calcular a probabilidade de sua ocorrência, nos dois casos.","BRASIL. Base Nacional Comum Curricular (2018), p. 318–319; BNCC_EI_EF_110518_versaofinal_site.pdf, páginas do PDF 320–321"
4780f242-a1be-555c-8aa9-5f17975a7f1f,EF09MA21,EF_AF,9,Matemática,Probabilidade e estatística,Análise de gráficos divulgados pela mídia: elementos que podem induzir a erros de leitura ou de interpretação,"Analisar e identificar, em gráficos divulgados pela mídia, os elementos que podem induzir, às vezes propositadamente, erros de leitura, como escalas inapropriadas, legendas não explicitadas corretamente, omissão de informações importantes (fontes e datas), entre outros.","BRASIL. Base Nacional Comum Curricular (2018), p. 318–319; BNCC_EI_EF_110518_versaofinal_site.pdf, páginas do PDF 320–321"
3500fcb3-ba67-521b-968f-347cf17f1675,EF09MA22,EF_AF,9,Matemática,Probabilidade e estatística,"Leitura, interpretação e representação de dados de pesquisa expressos em tabelas de dupla entrada, gráficos de colunas simples e agrupadas, gráficos de barras e de setores e gráficos pictóricos","Escolher e construir o gráfico mais adequado (colunas, setores, linhas), com ou sem uso de planilhas eletrônicas, para apresentar um determinado conjunto de dados, destacando aspectos como as medidas de tendência central.","BRASIL. Base Nacional Comum Curricular (2018), p. 318–319; BNCC_EI_EF_110518_versaofinal_site.pdf, páginas do PDF 320–321"
9c2076fa-9eda-5538-ab77-96d1728ad583,EF09MA23,EF_AF,9,Matemática,Probabilidade e estatística,Planejamento e execução de pesquisa amostral e apresentação de relatório,"Planejar e executar pesquisa amostral envolvendo tema da realidade social e comunicar os resultados por meio de relatório contendo avaliação de medidas de tendência central e da amplitude, tabelas e gráficos adequados, construídos com o apoio de planilhas eletrônicas.","BRASIL. Base Nacional Comum Curricular (2018), p. 318–319; BNCC_EI_EF_110518_versaofinal_site.pdf, páginas do PDF 320–321"
f5bda29e-1331-5e24-babf-eda7b1b60aa9,EF67EF06,EF_AF,6;7,Educação Física,Esportes,Esportes de marca Esportes de precisão Esportes de invasão Esportes técnico-combinatórios,Analisar as transformações na organização e na prática dos esportes em suas diferentes manifestações (profissional e comunitário/lazer).,"BRASIL. Base Nacional Comum Curricular (2018), p. 232–233; BNCC_EI_EF_110518_versaofinal_site.pdf, páginas do PDF 234–235"
f83de91b-7a81-5339-ae74-4f900b8ea9dc,EF67EF07,EF_AF,6;7,Educação Física,Esportes,Esportes de marca Esportes de precisão Esportes de invasão Esportes técnico-combinatórios,Propor e produzir alternativas para experimentação dos esportes não disponíveis e/ou acessíveis na comunidade e das demais práticas corporais tematizadas na escola.,"BRASIL. Base Nacional Comum Curricular (2018), p. 232–233; BNCC_EI_EF_110518_versaofinal_site.pdf, páginas do PDF 234–235"
bc7b4335-ae81-510f-8794-f3c3f03190a0,EF67EF09,EF_AF,6;7,Educação Física,Ginásticas,Ginástica de condicionamento físico,"Construir, coletivamente, procedimentos e normas de convívio que viabilizem a participação de todos na prática de exercícios físicos, com o objetivo de promover a saúde.","BRASIL. Base Nacional Comum Curricular (2018), p. 232–233; BNCC_EI_EF_110518_versaofinal_site.pdf, páginas do PDF 234–235"
3b549b5f-ff9d-51b6-bb8d-b15c62c962e6,EF67EF10,EF_AF,6;7,Educação Física,Ginásticas,Ginástica de condicionamento físico,Diferenciar exercício físico de atividade física e propor alternativas para a prática de exercícios físicos dentro e fora do ambiente escolar.,"BRASIL. Base Nacional Comum Curricular (2018), p. 232–233; BNCC_EI_EF_110518_versaofinal_site.pdf, páginas do PDF 234–235"
bf117c0a-f586-5519-b050-57ecabfb7820,EF67EF13,EF_AF,6;7,Educação Física,Danças,Danças urbanas,"Diferenciar as danças urbanas das demais manifestações da dança, valorizando e respeitando os sentidos e significados atribuídos a eles por diferentes grupos sociais.","BRASIL. Base Nacional Comum Curricular (2018), p. 232–233; BNCC_EI_EF_110518_versaofinal_site.pdf, páginas do PDF 234–235"
66419f46-111a-5ba2-8071-4967dbeecf8c,EF67EF17,EF_AF,6;7,Educação Física,Lutas,Lutas do Brasil,"Problematizar preconceitos e estereótipos relacionados ao universo das lutas e demais práticas corporais, propondo alternativas para superá-los, com base na solidariedade, na justiça, na equidade e no respeito.","BRASIL. Base Nacional Comum Curricular (2018), p. 234–235; BNCC_EI_EF_110518_versaofinal_site.pdf, páginas do PDF 236–237"
78c233c7-850e-5d1c-b43f-ef8feaa09dec,EF67LP01,EF_AF,6;7,Língua Portuguesa,CAMPO JORNALÍSTICO-MIDIÁTICO,"Reconstrução do contexto de produção, circulação e recepção de textos Caracterização do campo jornalístico e relação entre os gêneros em circulação, mídias e práticas da cultura digital",Analisar a estrutura e funcionamento dos hiperlinks em textos noticiosos publicados na Web e vislumbrar possibilidades de uma escrita hipertextual.,"BRASIL. Base Nacional Comum Curricular (2018), p. 162–163; BNCC_EI_EF_110518_versaofinal_site.pdf, páginas do PDF 164–165"
8404f87b-3039-55e7-bf14-898656949eda,EF67LP02,EF_AF,6;7,Língua Portuguesa,CAMPO JORNALÍSTICO-MIDIÁTICO,Apreciação e réplica,"Explorar o espaço reservado ao leitor nos jornais, revistas, impressos e on-line, sites noticiosos etc., destacando notícias, fotorreportagens, entrevistas, charges, assuntos, temas, debates em foco, posicionando-se de maneira ética e respeitosa frente a esses textos e opiniões a eles relacionadas, e publicar notícias, notas jornalísticas, fotorreportagem de interesse geral nesses espaços do leitor.","BRASIL. Base Nacional Comum Curricular (2018), p. 162–163; BNCC_EI_EF_110518_versaofinal_site.pdf, páginas do PDF 164–165"
c68f2f38-7e4c-5659-b22d-7ea98efb3e01,EF67LP03,EF_AF,6;7,Língua Portuguesa,CAMPO JORNALÍSTICO-MIDIÁTICO,Relação entre textos,"Comparar informações sobre um mesmo fato divulgadas em diferentes veículos e mídias, analisando e avaliando a confiabilidade.","BRASIL. Base Nacional Comum Curricular (2018), p. 162–163; BNCC_EI_EF_110518_versaofinal_site.pdf, páginas do PDF 164–165"
5eaac061-ba09-58bc-8590-96b5d6344f61,EF67LP04,EF_AF,6;7,Língua Portuguesa,CAMPO JORNALÍSTICO-MIDIÁTICO,Estratégia de leitura Distinção de fato e opinião,"Distinguir, em segmentos descontínuos de textos, fato da opinião enunciada em relação a esse mesmo fato.","BRASIL. Base Nacional Comum Curricular (2018), p. 162–163; BNCC_EI_EF_110518_versaofinal_site.pdf, páginas do PDF 164–165"
e166af20-a432-57c6-8450-135fde05a948,EF67LP05,EF_AF,6;7,Língua Portuguesa,CAMPO JORNALÍSTICO-MIDIÁTICO,Estratégia de leitura: identificação de teses e argumentos Apreciação e réplica,"Identificar e avaliar teses/opiniões/posicionamentos explícitos e argumentos em textos argumentativos (carta de leitor, comentário, artigo de opinião, resenha crítica etc.), manifestando concordância ou discordância.","BRASIL. Base Nacional Comum Curricular (2018), p. 162–163; BNCC_EI_EF_110518_versaofinal_site.pdf, páginas do PDF 164–165"
73e2e179-f6d6-5ba1-86a3-8395fee5c4bb,EF67LP06,EF_AF,6;7,Língua Portuguesa,CAMPO JORNALÍSTICO-MIDIÁTICO,Efeitos de sentido,"Identificar os efeitos de sentido provocados pela seleção lexical, topicalização de elementos e seleção e hierarquização de informações, uso de 3ª pessoa etc.","BRASIL. Base Nacional Comum Curricular (2018), p. 162–163; BNCC_EI_EF_110518_versaofinal_site.pdf, páginas do PDF 164–165"
2a1dee8a-4473-5a9e-a224-b1093999b101,EF67LP07,EF_AF,6;7,Língua Portuguesa,CAMPO JORNALÍSTICO-MIDIÁTICO,Efeitos de sentido,"Identificar o uso de recursos persuasivos em textos argumentativos diversos (como a elaboração do título, escolhas lexicais, construções metafóricas, a explicitação ou a ocultação de fontes de informação) e perceber seus efeitos de sentido.","BRASIL. Base Nacional Comum Curricular (2018), p. 162–163; BNCC_EI_EF_110518_versaofinal_site.pdf, páginas do PDF 164–165"
0d64f7a6-9db1-56ea-bd48-2265628026e9,EF67LP08,EF_AF,6;7,Língua Portuguesa,CAMPO JORNALÍSTICO-MIDIÁTICO,Efeitos de sentido Exploração da multissemiose,"Identificar os efeitos de sentido devidos à escolha de imagens estáticas, sequenciação ou sobreposição de imagens, definição de figura/fundo, ângulo, profundidade e foco, cores/tonalidades, relação com o escrito (relações de reiteração, complementação ou oposição) etc. em notícias, reportagens, fotorreportagens, foto-denúncias, memes, gifs, anúncios publicitários e propagandas publicados em jornais, revistas, sites na internet etc.","BRASIL. Base Nacional Comum Curricular (2018), p. 164–165; BNCC_EI_EF_110518_versaofinal_site.pdf, páginas do PDF 166–167"
6e0441f7-ea8d-5a5c-9420-62e3f76f16cb,EF67LP09,EF_AF,6;7,Língua Portuguesa,CAMPO JORNALÍSTICO-MIDIÁTICO,Estratégias de produção: planejamento de textos informativos,"Planejar notícia impressa e para circulação em outras mídias (rádio ou TV/vídeo), tendo em vista as condições de produção, do texto – objetivo, leitores/espectadores, veículos e mídia de circulação etc. –, a partir da escolha do fato a ser noticiado (de relevância para a turma, escola ou comunidade), do levantamento de dados e informações sobre o fato – que pode envolver entrevistas com envolvidos ou com especialistas, consultas a fontes, análise de documentos, cobertura de eventos etc.–, do registro dessas informações e dados, da escolha de fotos ou imagens a produzir ou a utilizar etc. e a previsão de uma estrutura hipertextual (no caso de publicação em sites ou blogs noticiosos).","BRASIL. Base Nacional Comum Curricular (2018), p. 164–165; BNCC_EI_EF_110518_versaofinal_site.pdf, páginas do PDF 166–167"
381d33cc-9b14-5510-acf6-44be750c5833,EF67LP10,EF_AF,6;7,Língua Portuguesa,CAMPO JORNALÍSTICO-MIDIÁTICO,"Textualização, tendo em vista suas condições de produção, as características do gênero em questão, o estabelecimento de coesão, adequação à norma-padrão e o uso adequado de ferramentas de edição","Produzir notícia impressa tendo em vista características do gênero – título ou manchete com verbo no tempo presente, linha fina (opcional), lide, progressão dada pela ordem decrescente de importância dos fatos, uso de 3ª pessoa, de palavras que indicam precisão –, e o estabelecimento adequado de coesão e produzir notícia para TV, rádio e internet, tendo em vista, além das características do gênero, os recursos de mídias disponíveis e o manejo de recursos de captação e edição de áudio e imagem.","BRASIL. Base Nacional Comum Curricular (2018), p. 164–165; BNCC_EI_EF_110518_versaofinal_site.pdf, páginas do PDF 166–167"
0e28a4d4-7d5d-50aa-950b-00a6c0a6358a,EF67LP11,EF_AF,6;7,Língua Portuguesa,CAMPO JORNALÍSTICO-MIDIÁTICO,Estratégias de produção: planejamento de textos argumentativos e apreciativos,"Planejar resenhas, vlogs, vídeos e podcasts variados, e textos e vídeos de apresentação e apreciação próprios das culturas juvenis (algumas possibilidades: fanzines, fanclipes, e-zines, gameplay, detonado etc.), dentre outros, tendo em vista as condições de produção do texto – objetivo, leitores/espectadores, veículos e mídia de circulação etc. –, a partir da escolha de uma produção ou evento cultural para analisar – livro, filme, série, game, canção, videoclipe, fanclipe, show, saraus, slams etc. – da busca de informação sobre a produção ou evento escolhido, da síntese de informações sobre a obra/evento e do elenco/seleção de aspectos, elementos ou recursos que possam ser destacados positiva ou negativamente ou da roteirização do passo a passo do game para posterior gravação dos vídeos.","BRASIL. Base Nacional Comum Curricular (2018), p. 164–165; BNCC_EI_EF_110518_versaofinal_site.pdf, páginas do PDF 166–167"
020dd3af-9e02-5a1a-892b-77709b869851,EF67LP12,EF_AF,6;7,Língua Portuguesa,CAMPO JORNALÍSTICO-MIDIÁTICO,Textualização de textos argumentativos e apreciativos,"Produzir resenhas críticas, vlogs, vídeos, podcasts variados e produções e gêneros próprios das culturas juvenis (algumas possibilidades: fanzines, fanclipes, e-zines, gameplay, detonado etc.), que apresentem/descrevam e/ou avaliem produções culturais (livro, filme, série, game, canção, disco, videoclipe etc.) ou evento (show, sarau, slam etc.), tendo em vista o contexto de produção dado, as características do gênero, os recursos das mídias envolvidas e a textualização adequada dos textos e/ou produções.","BRASIL. Base Nacional Comum Curricular (2018), p. 164–165; BNCC_EI_EF_110518_versaofinal_site.pdf, páginas do PDF 166–167"
5e08d818-90de-5bc0-8e7c-3a76861da6b8,EF67LP13,EF_AF,6;7,Língua Portuguesa,CAMPO JORNALÍSTICO-MIDIÁTICO,Produção e edição de textos publicitários,"Produzir, revisar e editar textos publicitários, levando em conta o contexto de produção dado, explorando recursos multissemióticos, relacionando elementos verbais e visuais, utilizando adequadamente estratégias discursivas de persuasão e/ou convencimento e criando título ou slogan que façam o leitor motivar-se a interagir com o texto produzido e se sinta atraído pelo serviço, ideia ou produto em questão.","BRASIL. Base Nacional Comum Curricular (2018), p. 164–165; BNCC_EI_EF_110518_versaofinal_site.pdf, páginas do PDF 166–167"
ab2a766e-f2d7-5ff7-b32f-0ed7b79d3bc3,EF67LP14,EF_AF,6;7,Língua Portuguesa,CAMPO JORNALÍSTICO-MIDIÁTICO,Planejamento e produção de entrevistas orais,"Definir o contexto de produção da entrevista (objetivos, o que se pretende conseguir, porque aquele entrevistado etc.), levantar informações sobre o entrevistado e sobre o acontecimento ou tema em questão, preparar o roteiro de perguntar e realizar entrevista oral com envolvidos ou especialistas relacionados com o fato noticiado ou com o tema em pauta, usando roteiro previamente elaborado e formulando outras perguntas a partir das respostas dadas e, quando for o caso, selecionar partes, transcrever e proceder a uma edição escrita do texto, adequando-o a seu contexto de publicação, à construção composicional do gênero e garantindo a relevância das informações mantidas e a continuidade temática.","BRASIL. Base Nacional Comum Curricular (2018), p. 166–167; BNCC_EI_EF_110518_versaofinal_site.pdf, páginas do PDF 168–169"
c291dc50-2d84-5512-b39a-ede8a2d0dea8,EF67LP15,EF_AF,6;7,Língua Portuguesa,CAMPO DE ATUAÇÃO NA VIDA PÚBLICA,Estratégias e procedimentos de leitura em textos legais e normativos,"Identificar a proibição imposta ou o direito garantido, bem como as circunstâncias de sua aplicação, em artigos relativos a normas, regimentos escolares, regimentos e estatutos da sociedade civil, regulamentações para o mercado publicitário, Código de Defesa do Consumidor, Código Nacional de Trânsito, ECA, Constituição, dentre outros.","BRASIL. Base Nacional Comum Curricular (2018), p. 166–167; BNCC_EI_EF_110518_versaofinal_site.pdf, páginas do PDF 168–169"
f4395781-413d-50e6-93d6-72679cde9613,EF67LP16,EF_AF,6;7,Língua Portuguesa,CAMPO DE ATUAÇÃO NA VIDA PÚBLICA,"Contexto de produção, circulação e recepção de textos e práticas relacionadas à defesa de direitos e à participação social","Explorar e analisar espaços de reclamação de direitos e de envio de solicitações (tais como ouvidorias, SAC, canais ligados a órgãos públicos, plataformas do consumidor, plataformas de reclamação), bem como de textos pertencentes a gêneros que circulam nesses espaços, reclamação ou carta de reclamação, solicitação ou carta de solicitação, como forma de ampliar as possibilidades de produção desses textos em casos que remetam a reivindicações que envolvam a escola, a comunidade ou algum de seus membros como forma de se engajar na busca de solução de problemas pessoais, dos outros e coletivos.","BRASIL. Base Nacional Comum Curricular (2018), p. 166–167; BNCC_EI_EF_110518_versaofinal_site.pdf, páginas do PDF 168–169"
c7d9b0b4-03f4-56b5-96d6-260fe38be5dd,EF67LP17,EF_AF,6;7,Língua Portuguesa,CAMPO DE ATUAÇÃO NA VIDA PÚBLICA,"Relação entre contexto de produção e características composicionais e estilísticas dos gêneros (carta de solicitação, carta de reclamação, petição on-line, carta aberta, abaixo-assinado, proposta etc.) Apreciação e réplica","Analisar, a partir do contexto de produção, a forma de organização das cartas de solicitação e de reclamação (datação, forma de início, apresentação contextualizada do pedido ou da reclamação, em geral, acompanhada de explicações, argumentos e/ou relatos do problema, fórmula de finalização mais ou menos cordata, dependendo do tipo de carta e subscrição) e algumas das marcas linguísticas relacionadas à argumentação, explicação ou relato de fatos, como forma de possibilitar a escrita fundamentada de cartas como essas ou de postagens em canais próprios de reclamações e solicitações em situações que envolvam questões relativas à escola, à comunidade ou a algum dos seus membros.","BRASIL. Base Nacional Comum Curricular (2018), p. 166–167; BNCC_EI_EF_110518_versaofinal_site.pdf, páginas do PDF 168–169"
a19aa656-792d-55c0-babb-7ce181e35a06,EF67LP18,EF_AF,6;7,Língua Portuguesa,CAMPO DE ATUAÇÃO NA VIDA PÚBLICA,"Estratégias, procedimentos de leitura em textos reivindicatórios ou propositivos","Identificar o objeto da reclamação e/ou da solicitação e sua sustentação, explicação ou justificativa, de forma a poder analisar a pertinência da solicitação ou justificação.","BRASIL. Base Nacional Comum Curricular (2018), p. 166–167; BNCC_EI_EF_110518_versaofinal_site.pdf, páginas do PDF 168–169"
9751a164-5e20-5ee7-b0d6-6ce1bb2a6d91,EF67LP19,EF_AF,6;7,Língua Portuguesa,CAMPO DE ATUAÇÃO NA VIDA PÚBLICA,Estratégia de produção: planejamento de textos reivindicatórios ou propositivos,"Realizar levantamento de questões, problemas que requeiram a denúncia de desrespeito a direitos, reivindicações, reclamações, solicitações que contemplem a comunidade escolar ou algum de seus membros e examinar normas e legislações.","BRASIL. Base Nacional Comum Curricular (2018), p. 166–167; BNCC_EI_EF_110518_versaofinal_site.pdf, páginas do PDF 168–169"
7b9313dd-cdb8-5f4c-9d7f-c8ed6bec8451,EF67LP20,EF_AF,6;7,Língua Portuguesa,CAMPO DAS PRÁTICAS DE ESTUDO E PESQUISA,Curadoria de informação,"Realizar pesquisa, a partir de recortes e questões definidos previamente, usando fontes indicadas e abertas.","BRASIL. Base Nacional Comum Curricular (2018), p. 168–169; BNCC_EI_EF_110518_versaofinal_site.pdf, páginas do PDF 170–171"
22cebe0c-5243-5d99-9b3d-5fa85b5ac288,EF67LP21,EF_AF,6;7,Língua Portuguesa,CAMPO DAS PRÁTICAS DE ESTUDO E PESQUISA,"Estratégias de escrita: textualização, revisão e edição","Divulgar resultados de pesquisas por meio de apresentações orais, painéis, artigos de divulgação científica, verbetes de enciclopédia, podcasts científicos etc.","BRASIL. Base Nacional Comum Curricular (2018), p. 168–169; BNCC_EI_EF_110518_versaofinal_site.pdf, páginas do PDF 170–171"
d24a7ed5-e597-5eae-ab56-f5f6948c7b66,EF67LP22,EF_AF,6;7,Língua Portuguesa,CAMPO DAS PRÁTICAS DE ESTUDO E PESQUISA,"Estratégias de escrita: textualização, revisão e edição","Produzir resumos, a partir das notas e/ou esquemas feitos, com o uso adequado de paráfrases e citações.","BRASIL. Base Nacional Comum Curricular (2018), p. 168–169; BNCC_EI_EF_110518_versaofinal_site.pdf, páginas do PDF 170–171"
fcb8921d-fd34-575c-8f83-257dc1afba41,EF67LP23,EF_AF,6;7,Língua Portuguesa,CAMPO DAS PRÁTICAS DE ESTUDO E PESQUISA,Conversação espontânea,"Respeitar os turnos de fala, na participação em conversações e em discussões ou atividades coletivas, na sala de aula e na escola e formular perguntas coerentes e adequadas em momentos oportunos em situações de aulas, apresentação oral, seminário etc.","BRASIL. Base Nacional Comum Curricular (2018), p. 168–169; BNCC_EI_EF_110518_versaofinal_site.pdf, páginas do PDF 170–171"
4a9a5439-d2c9-5a6d-80a4-fde1161c1ed8,EF67LP24,EF_AF,6;7,Língua Portuguesa,CAMPO DAS PRÁTICAS DE ESTUDO E PESQUISA,Procedimentos de apoio à compreensão Tomada de nota,"Tomar nota de aulas, apresentações orais, entrevistas (ao vivo, áudio, TV, vídeo), identificando e hierarquizando as informações principais, tendo em vista apoiar o estudo e a produção de sínteses e reflexões pessoais ou outros objetivos em questão.","BRASIL. Base Nacional Comum Curricular (2018), p. 168–169; BNCC_EI_EF_110518_versaofinal_site.pdf, páginas do PDF 170–171"
64785158-3902-52fa-bcb9-c16d356f1f29,EF67LP25,EF_AF,6;7,Língua Portuguesa,CAMPO DAS PRÁTICAS DE ESTUDO E PESQUISA,Textualização Progressão temática,"Reconhecer e utilizar os critérios de organização tópica (do geral para o específico, do específico para o geral etc.), as marcas linguísticas dessa organização (marcadores de ordenação e enumeração, de explicação, definição e exemplificação, por exemplo) e os mecanismos de paráfrase, de maneira a organizar mais adequadamente a coesão e a progressão temática de seus textos.","BRASIL. Base Nacional Comum Curricular (2018), p. 168–169; BNCC_EI_EF_110518_versaofinal_site.pdf, páginas do PDF 170–171"
a3770b82-859b-56d9-88d2-274afce741dd,EF67LP26,EF_AF,6;7,Língua Portuguesa,CAMPO DAS PRÁTICAS DE ESTUDO E PESQUISA,Textualização,Reconhecer a estrutura de hipertexto em textos de divulgação científica e proceder à remissão a conceitos e relações por meio de notas de rodapés ou boxes.,"BRASIL. Base Nacional Comum Curricular (2018), p. 168–169; BNCC_EI_EF_110518_versaofinal_site.pdf, páginas do PDF 170–171"
cf38e56b-bf69-5c81-9fcd-bec82ebac07c,EF67LP27,EF_AF,6;7,Língua Portuguesa,CAMPO ARTÍSTICO-LITERÁRIO,Relação entre textos,"Analisar, entre os textos literários e entre estes e outras manifestações artísticas (como cinema, teatro, música, artes visuais e midiáticas), referências explícitas ou implícitas a outros textos, quanto aos temas, personagens e recursos literários e semióticos","BRASIL. Base Nacional Comum Curricular (2018), p. 168–169; BNCC_EI_EF_110518_versaofinal_site.pdf, páginas do PDF 170–171"
942da36a-9d7a-596e-a614-a3c14e7df981,EF67LP32,EF_AF,6;7,Língua Portuguesa,TODOS OS CAMPOS DE ATUAÇÃO,Fono-ortografia,"Escrever palavras com correção ortográfica, obedecendo as convenções da língua escrita.","BRASIL. Base Nacional Comum Curricular (2018), p. 170–171; BNCC_EI_EF_110518_versaofinal_site.pdf, páginas do PDF 172–173"
39a21e9f-621e-5d70-8d60-0ed0e684fe97,EF67LP33,EF_AF,6;7,Língua Portuguesa,TODOS OS CAMPOS DE ATUAÇÃO,Elementos notacionais da escrita,Pontuar textos adequadamente.,"BRASIL. Base Nacional Comum Curricular (2018), p. 170–171; BNCC_EI_EF_110518_versaofinal_site.pdf, páginas do PDF 172–173"
72152719-cad8-52c6-8409-926463a181c8,EF67LP34,EF_AF,6;7,Língua Portuguesa,TODOS OS CAMPOS DE ATUAÇÃO,Léxico/morfologia,Formar antônimos com acréscimo de prefixos que expressam noção de negação.,"BRASIL. Base Nacional Comum Curricular (2018), p. 170–171; BNCC_EI_EF_110518_versaofinal_site.pdf, páginas do PDF 172–173"
a804b97e-b114-57b7-9e78-69ee65521e7e,EF67LP35,EF_AF,6;7,Língua Portuguesa,TODOS OS CAMPOS DE ATUAÇÃO,Léxico/morfologia,Distinguir palavras derivadas por acréscimo de afixos e palavras compostas.,"BRASIL. Base Nacional Comum Curricular (2018), p. 170–171; BNCC_EI_EF_110518_versaofinal_site.pdf, páginas do PDF 172–173"
1dfd1634-1d36-5993-a940-ce54158ba167,EF67LP36,EF_AF,6;7,Língua Portuguesa,TODOS OS CAMPOS DE ATUAÇÃO,Coesão,"Utilizar, ao produzir texto, recursos de coesão referencial (léxica e pronominal) e sequencial e outros recursos expressivos adequados ao gênero textual.","BRASIL. Base Nacional Comum Curricular (2018), p. 174–175; BNCC_EI_EF_110518_versaofinal_site.pdf, páginas do PDF 176–177"
cf106166-9a6f-5467-b68e-8037b1a2bd49,EF67LP37,EF_AF,6;7,Língua Portuguesa,TODOS OS CAMPOS DE ATUAÇÃO,Sequências textuais,"Analisar, em diferentes textos, os efeitos de sentido decorrentes do uso de recursos linguístico-discursivos de prescrição, causalidade, sequências descritivas e expositivas e ordenação de eventos.","BRASIL. Base Nacional Comum Curricular (2018), p. 174–175; BNCC_EI_EF_110518_versaofinal_site.pdf, páginas do PDF 176–177"
f805dc57-7e2b-5cd7-b8a2-c6c6f04e3bd3,EF67LP38,EF_AF,6;7,Língua Portuguesa,TODOS OS CAMPOS DE ATUAÇÃO,Figuras de linguagem,"Analisar os efeitos de sentido do uso de figuras de linguagem, como comparação, metáfora, metonímia, personificação, hipérbole, dentre outras.","BRASIL. Base Nacional Comum Curricular (2018), p. 174–175; BNCC_EI_EF_110518_versaofinal_site.pdf, páginas do PDF 176–177"
31432bf9-d24a-5e61-9735-19056ba3427b,EF69AR01,EF_AF,6;7;8;9,Arte,Artes visuais,Contextos e práticas,"Pesquisar, apreciar e analisar formas distintas das artes visuais tradicionais e contemporâneas, em obras de artistas brasileiros e estrangeiros de diferentes épocas e em diferentes matrizes estéticas e culturais, de modo a ampliar a experiência com diferentes contextos e práticas artístico-visuais e cultivar a percepção, o imaginário, a capacidade de simbolizar e o repertório imagético.","BRASIL. Base Nacional Comum Curricular (2018), p. 206–207; BNCC_EI_EF_110518_versaofinal_site.pdf, páginas do PDF 208–209"
14d418a3-caed-5331-a796-825547e50aca,EF69AR02,EF_AF,6;7;8;9,Arte,Artes visuais,Contextos e práticas,"Pesquisar e analisar diferentes estilos visuais, contextualizando-os no tempo e no espaço.","BRASIL. Base Nacional Comum Curricular (2018), p. 206–207; BNCC_EI_EF_110518_versaofinal_site.pdf, páginas do PDF 208–209"
3e7e9544-dc4c-5fc5-aad9-bccfea905db5,EF69AR03,EF_AF,6;7;8;9,Arte,Artes visuais,Contextos e práticas,"Analisar situações nas quais as linguagens das artes visuais se integram às linguagens audiovisuais (cinema, animações, vídeos etc.), gráficas (capas de livros, ilustrações de textos diversos etc.), cenográficas, coreográficas, musicais etc.","BRASIL. Base Nacional Comum Curricular (2018), p. 206–207; BNCC_EI_EF_110518_versaofinal_site.pdf, páginas do PDF 208–209"
794ad5bd-36b0-524d-989a-d5cca319080c,EF69AR04,EF_AF,6;7;8;9,Arte,Artes visuais,Elementos da linguagem,"Analisar os elementos constitutivos das artes visuais (ponto, linha, forma, direção, cor, tom, escala, dimensão, espaço, movimento etc.) na apreciação de diferentes produções artísticas.","BRASIL. Base Nacional Comum Curricular (2018), p. 206–207; BNCC_EI_EF_110518_versaofinal_site.pdf, páginas do PDF 208–209"
90a43f21-7d58-5411-8544-1e562ffed69e,EF69AR05,EF_AF,6;7;8;9,Arte,Artes visuais,Materialidades,"Experimentar e analisar diferentes formas de expressão artística (desenho, pintura, colagem, quadrinhos, dobradura, escultura, modelagem, instalação, vídeo, fotografia, performance etc.).","BRASIL. Base Nacional Comum Curricular (2018), p. 206–207; BNCC_EI_EF_110518_versaofinal_site.pdf, páginas do PDF 208–209"
c36f192c-2332-5ca1-ad91-5a95a02452a5,EF69AR06,EF_AF,6;7;8;9,Arte,Artes visuais,Processos de criação,"Desenvolver processos de criação em artes visuais, com base em temas ou interesses artísticos, de modo individual, coletivo e colaborativo, fazendo uso de materiais, instrumentos e recursos convencionais, alternativos e digitais.","BRASIL. Base Nacional Comum Curricular (2018), p. 206–207; BNCC_EI_EF_110518_versaofinal_site.pdf, páginas do PDF 208–209"
c4392c0d-4ca6-5d31-aa80-b9c2d8200b68,EF69AR07,EF_AF,6;7;8;9,Arte,Artes visuais,Processos de criação,"Dialogar com princípios conceituais, proposições temáticas, repertórios imagéticos e processos de criação nas suas produções visuais.","BRASIL. Base Nacional Comum Curricular (2018), p. 206–207; BNCC_EI_EF_110518_versaofinal_site.pdf, páginas do PDF 208–209"
33cd9c24-2da6-55a3-b58b-c2d9ccae80a9,EF69AR08,EF_AF,6;7;8;9,Arte,Artes visuais,Sistemas da linguagem,"Diferenciar as categorias de artista, artesão, produtor cultural, curador, designer, entre outras, estabelecendo relações entre os profissionais do sistema das artes visuais.","BRASIL. Base Nacional Comum Curricular (2018), p. 206–207; BNCC_EI_EF_110518_versaofinal_site.pdf, páginas do PDF 208–209"
28f4ec83-cc03-5533-9119-0c9d3ab9df38,EF69AR15,EF_AF,6;7;8;9,Arte,Dança,Processos de criação,"Discutir as experiências pessoais e coletivas em dança vivenciadas na escola e em outros contextos, problematizando estereótipos e preconceitos.","BRASIL. Base Nacional Comum Curricular (2018), p. 206–207; BNCC_EI_EF_110518_versaofinal_site.pdf, páginas do PDF 208–209"
379a504c-c60e-5ee7-b84d-1d327f6eddba,EF69AR16,EF_AF,6;7;8;9,Arte,Música,Contextos e práticas,"Analisar criticamente, por meio da apreciação musical, usos e funções da música em seus contextos de produção e circulação, relacionando as práticas musicais às diferentes dimensões da vida social, cultural, política, histórica, econômica, estética e ética.","BRASIL. Base Nacional Comum Curricular (2018), p. 208–209; BNCC_EI_EF_110518_versaofinal_site.pdf, páginas do PDF 210–211"
d79b3c38-fff7-5ebb-84bb-36d1506fccba,EF69AR17,EF_AF,6;7;8;9,Arte,Música,Contextos e práticas,"Explorar e analisar, criticamente, diferentes meios e equipamentos culturais de circulação da música e do conhecimento musical.","BRASIL. Base Nacional Comum Curricular (2018), p. 208–209; BNCC_EI_EF_110518_versaofinal_site.pdf, páginas do PDF 210–211"
411fab0e-66d2-5915-b48c-9d9478971c32,EF69AR18,EF_AF,6;7;8;9,Arte,Música,Contextos e práticas,Reconhecer e apreciar o papel de músicos e grupos de música brasileiros e estrangeiros que contribuíram para o desenvolvimento de formas e gêneros musicais.,"BRASIL. Base Nacional Comum Curricular (2018), p. 208–209; BNCC_EI_EF_110518_versaofinal_site.pdf, páginas do PDF 210–211"
f5737e3b-7225-5fe3-89c3-c27a25ee083f,EF69AR19,EF_AF,6;7;8;9,Arte,Música,Contextos e práticas,"Identificar e analisar diferentes estilos musicais, contextualizando-os no tempo e no espaço, de modo a aprimorar a capacidade de apreciação da estética musical.","BRASIL. Base Nacional Comum Curricular (2018), p. 208–209; BNCC_EI_EF_110518_versaofinal_site.pdf, páginas do PDF 210–211"
9a45a645-c473-56ea-bcc7-5f8a4a359e8b,EF69AR24,EF_AF,6;7;8;9,Arte,Teatro,Contextos e práticas,"Reconhecer e apreciar artistas e grupos de teatro brasileiros e estrangeiros de diferentes épocas, investigando os modos de criação, produção, divulgação, circulação e organização da atuação profissional em teatro.","BRASIL. Base Nacional Comum Curricular (2018), p. 208–209; BNCC_EI_EF_110518_versaofinal_site.pdf, páginas do PDF 210–211"
56f180af-2ce6-5a3d-9e4e-8753ab6ab5aa,EF69AR31,EF_AF,6;7;8;9,Arte,Artes integradas,Contextos e práticas,"Relacionar as práticas artísticas às diferentes dimensões da vida social, cultural, política, histórica, econômica, estética e ética.","BRASIL. Base Nacional Comum Curricular (2018), p. 210–211; BNCC_EI_EF_110518_versaofinal_site.pdf, páginas do PDF 212–213"
970824db-cb5a-5296-8f20-2d1a04e11c75,EF69AR32,EF_AF,6;7;8;9,Arte,Artes integradas,Processos de criação,"Analisar e explorar, em projetos temáticos, as relações processuais entre diversas linguagens artísticas.","BRASIL. Base Nacional Comum Curricular (2018), p. 210–211; BNCC_EI_EF_110518_versaofinal_site.pdf, páginas do PDF 212–213"
9e58e462-c48c-5c7c-a17a-a2cc9f5be293,EF69AR33,EF_AF,6;7;8;9,Arte,Artes integradas,Matrizes estéticas e culturais,"Analisar aspectos históricos, sociais e políticos da produção artística, problematizando as narrativas eurocêntricas e as diversas categorizações da arte (arte, artesanato, folclore, design etc.).","BRASIL. Base Nacional Comum Curricular (2018), p. 210–211; BNCC_EI_EF_110518_versaofinal_site.pdf, páginas do PDF 212–213"
b3743839-9826-5a52-b827-733f3a6c6ad1,EF69AR34,EF_AF,6;7;8;9,Arte,Artes integradas,Patrimônio cultural,"Analisar e valorizar o patrimônio cultural, material e imaterial, de culturas diversas, em especial a brasileira, incluindo suas matrizes indígenas, africanas e europeias, de diferentes épocas, e favorecendo a construção de vocabulário e repertório relativos às diferentes linguagens artísticas.","BRASIL. Base Nacional Comum Curricular (2018), p. 210–211; BNCC_EI_EF_110518_versaofinal_site.pdf, páginas do PDF 212–213"
1eef910f-fc2b-570d-bd1d-e9fe10fbc7f0,EF69AR35,EF_AF,6;7;8;9,Arte,Artes integradas,Arte e tecnologia,"Identificar e manipular diferentes tecnologias e recursos digitais para acessar, apreciar, produzir, registrar e compartilhar práticas e repertórios artísticos, de modo reflexivo, ético e responsável.","BRASIL. Base Nacional Comum Curricular (2018), p. 210–211; BNCC_EI_EF_110518_versaofinal_site.pdf, páginas do PDF 212–213"
3298d81d-c812-517a-9d45-33f24a729c01,EF69LP01,EF_AF,6;7;8;9,Língua Portuguesa,CAMPO JORNALÍSTICO-MIDIÁTICO,Apreciação e réplica Relação entre gêneros e mídias,"Diferenciar liberdade de expressão de discursos de ódio, posicionando-se contrariamente a esse tipo de discurso e vislumbrando possibilidades de denúncia quando for o caso.","BRASIL. Base Nacional Comum Curricular (2018), p. 140–141; BNCC_EI_EF_110518_versaofinal_site.pdf, páginas do PDF 142–143"
cd354785-4514-52fa-bf01-d9648a928872,EF69LP02,EF_AF,6;7;8;9,Língua Portuguesa,CAMPO JORNALÍSTICO-MIDIÁTICO,Apreciação e réplica Relação entre gêneros e mídias,"Analisar e comparar peças publicitárias variadas (cartazes, folhetos, outdoor, anúncios e propagandas em diferentes mídias, spots, jingle, vídeos etc.), de forma a perceber a articulação entre elas em campanhas, as especificidades das várias semioses e mídias, a adequação dessas peças ao público-alvo, aos objetivos do anunciante e/ou da campanha e à construção composicional e estilo dos gêneros em questão, como forma de ampliar suas possibilidades de compreensão (e produção) de textos pertencentes a esses gêneros.","BRASIL. Base Nacional Comum Curricular (2018), p. 140–141; BNCC_EI_EF_110518_versaofinal_site.pdf, páginas do PDF 142–143"
d36d3ff8-2a24-5ef0-8c1f-72cc1aadcd8a,EF69LP03,EF_AF,6;7;8;9,Língua Portuguesa,CAMPO JORNALÍSTICO-MIDIÁTICO,Estratégia de leitura: apreender os sentidos globais do texto,"Identificar, em notícias, o fato central, suas principais circunstâncias e eventuais decorrências; em reportagens e fotorreportagens o fato ou a temática retratada e a perspectiva de abordagem, em entrevistas os principais temas/subtemas abordados, explicações dadas ou teses defendidas em relação a esses subtemas; em tirinhas, memes, charge, a crítica, ironia ou humor presente.","BRASIL. Base Nacional Comum Curricular (2018), p. 140–141; BNCC_EI_EF_110518_versaofinal_site.pdf, páginas do PDF 142–143"
de0eb1da-a6a5-58d5-87f1-115159c01402,EF69LP04,EF_AF,6;7;8;9,Língua Portuguesa,CAMPO JORNALÍSTICO-MIDIÁTICO,Efeitos de sentido,"Identificar e analisar os efeitos de sentido que fortalecem a persuasão nos textos publicitários, relacionando as estratégias de persuasão e apelo ao consumo com os recursos linguístico-discursivos utilizados, como imagens, tempo verbal, jogos de palavras, figuras de linguagem etc., com vistas a fomentar práticas de consumo conscientes.","BRASIL. Base Nacional Comum Curricular (2018), p. 140–141; BNCC_EI_EF_110518_versaofinal_site.pdf, páginas do PDF 142–143"
29437e57-fd72-5f91-b8da-409728f2fec8,EF69LP05,EF_AF,6;7;8;9,Língua Portuguesa,CAMPO JORNALÍSTICO-MIDIÁTICO,Efeitos de sentido,"Inferir e justificar, em textos multissemióticos – tirinhas, charges, memes, gifs etc. –, o efeito de humor, ironia e/ou crítica pelo uso ambíguo de palavras, expressões ou imagens ambíguas, de clichês, de recursos iconográficos, de pontuação etc.","BRASIL. Base Nacional Comum Curricular (2018), p. 140–141; BNCC_EI_EF_110518_versaofinal_site.pdf, páginas do PDF 142–143"
cfef117c-0f53-5217-ba48-4a382d1050a5,EF69LP06,EF_AF,6;7;8;9,Língua Portuguesa,CAMPO JORNALÍSTICO-MIDIÁTICO,Relação do texto com o contexto de produção e experimentação de papéis sociais,"Produzir e publicar notícias, fotodenúncias, fotorreportagens, reportagens, reportagens multimidiáticas, infográficos, podcasts noticiosos, entrevistas, cartas de leitor, comentários, artigos de opinião de interesse local ou global, textos de apresentação e apreciação de produção cultural – resenhas e outros próprios das formas de expressão das culturas juvenis, tais como vlogs e podcasts culturais, gameplay, detonado etc.– e cartazes, anúncios, propagandas, spots, jingles de campanhas sociais, dentre outros em várias mídias, vivenciando de forma significativa o papel de repórter, de comentador, de analista, de crítico, de editor ou articulista, de booktuber, de vlogger (vlogueiro) etc., como forma de compreender as condições de produção que envolvem a circulação desses textos e poder participar e vislumbrar possibilidades de participação nas práticas de linguagem do campo jornalístico e do campo midiático de forma ética e responsável, levando-se em consideração o contexto da Web 2.0, que amplia a possibilidade de circulação desses textos e “funde” os papéis de leitor e autor, de consumidor e produtor.","BRASIL. Base Nacional Comum Curricular (2018), p. 142–143; BNCC_EI_EF_110518_versaofinal_site.pdf, páginas do PDF 144–145"
eba3358d-9478-5893-b84c-2e718f88353c,EF69LP07,EF_AF,6;7;8;9,Língua Portuguesa,CAMPO JORNALÍSTICO-MIDIÁTICO,Textualização,"Produzir textos em diferentes gêneros, considerando sua adequação ao contexto produção e circulação – os enunciadores envolvidos, os objetivos, o gênero, o suporte, a circulação -, ao modo (escrito ou oral; imagem estática ou em movimento etc.), à variedade linguística e/ou semiótica apropriada a esse contexto, à construção da textualidade relacionada às propriedades textuais e do gênero), utilizando estratégias de planejamento, elaboração, revisão, edição, reescrita/redesign e avaliação de textos, para, com a ajuda do professor e a colaboração dos colegas, corrigir e aprimorar as produções realizadas, fazendo cortes, acréscimos, reformulações, correções de concordância, ortografia, pontuação em textos e editando imagens, arquivos sonoros, fazendo cortes, acréscimos, ajustes, acrescentando/ alterando efeitos, ordenamentos etc.","BRASIL. Base Nacional Comum Curricular (2018), p. 142–143; BNCC_EI_EF_110518_versaofinal_site.pdf, páginas do PDF 144–145"
9b651dec-a965-53cf-ad7d-c73c8d0f8cb3,EF69LP08,EF_AF,6;7;8;9,Língua Portuguesa,CAMPO JORNALÍSTICO-MIDIÁTICO,Revisão/edição de texto informativo e opinativo,"Revisar/editar o texto produzido – notícia, reportagem, resenha, artigo de opinião, dentre outros –, tendo em vista sua adequação ao contexto de produção, a mídia em questão, características do gênero, aspectos relativos à textualidade, a relação entre as diferentes semioses, a formatação e uso adequado das ferramentas de edição (de texto, foto, áudio e vídeo, dependendo do caso) e adequação à norma culta.","BRASIL. Base Nacional Comum Curricular (2018), p. 142–143; BNCC_EI_EF_110518_versaofinal_site.pdf, páginas do PDF 144–145"
898f32c0-a10b-57cd-bb08-55dbf10014f5,EF69LP09,EF_AF,6;7;8;9,Língua Portuguesa,CAMPO JORNALÍSTICO-MIDIÁTICO,Planejamento de textos de peças publicitárias de campanhas sociais,"Planejar uma campanha publicitária sobre questões/problemas, temas, causas significativas para a escola e/ou comunidade, a partir de um levantamento de material sobre o tema ou evento, da definição do público-alvo, do texto ou peça a ser produzido – cartaz, banner, folheto, panfleto, anúncio impresso e para internet, spot, propaganda de rádio, TV etc. –, da ferramenta de edição de texto, áudio ou vídeo que será utilizada, do recorte e enfoque a ser dado, das estratégias de persuasão que serão utilizadas etc.","BRASIL. Base Nacional Comum Curricular (2018), p. 142–143; BNCC_EI_EF_110518_versaofinal_site.pdf, páginas do PDF 144–145"
753e278b-8331-591d-b884-725f78f2f444,EF69LP10,EF_AF,6;7;8;9,Língua Portuguesa,CAMPO JORNALÍSTICO-MIDIÁTICO,Produção de textos jornalísticos orais,"Produzir notícias para rádios, TV ou vídeos, podcasts noticiosos e de opinião, entrevistas, comentários, vlogs, jornais radiofônicos e televisivos, dentre outros possíveis, relativos a fato e temas de interesse pessoal, local ou global e textos orais de apreciação e opinião – podcasts e vlogs noticiosos, culturais e de opinião, orientando-se por roteiro ou texto, considerando o contexto de produção e demonstrando domínio dos gêneros.","BRASIL. Base Nacional Comum Curricular (2018), p. 142–143; BNCC_EI_EF_110518_versaofinal_site.pdf, páginas do PDF 144–145"
bf7e5582-a12a-5371-90e5-2eec5fcc1642,EF69LP11,EF_AF,6;7;8;9,Língua Portuguesa,CAMPO JORNALÍSTICO-MIDIÁTICO,Produção de textos jornalísticos orais,"Identificar e analisar posicionamentos defendidos e refutados na escuta de interações polêmicas em entrevistas, discussões e debates (televisivo, em sala de aula, em redes sociais etc.), entre outros, e se posicionar frente a eles.","BRASIL. Base Nacional Comum Curricular (2018), p. 142–143; BNCC_EI_EF_110518_versaofinal_site.pdf, páginas do PDF 144–145"
5ff99373-bbd5-53ee-a786-c99c54a6fd96,EF69LP12,EF_AF,6;7;8;9,Língua Portuguesa,CAMPO JORNALÍSTICO-MIDIÁTICO,Planejamento e produção de textos jornalísticos orais,"Desenvolver estratégias de planejamento, elaboração, revisão, edição, reescrita/ redesign (esses três últimos quando não for situação ao vivo) e avaliação de textos orais, áudio e/ou vídeo, considerando sua adequação aos contextos em que foram produzidos, à forma composicional e estilo de gêneros, a clareza, progressão temática e variedade linguística empregada, os elementos relacionados à fala, tais como modulação de voz, entonação, ritmo, altura e intensidade, respiração etc., os elementos cinésicos, tais como postura corporal, movimentos e gestualidade significativa, expressão facial, contato de olho com plateia etc.","BRASIL. Base Nacional Comum Curricular (2018), p. 144–145; BNCC_EI_EF_110518_versaofinal_site.pdf, páginas do PDF 146–147"
fed8b633-985e-5ca6-bcba-fd6717b9fe8f,EF69LP13,EF_AF,6;7;8;9,Língua Portuguesa,CAMPO JORNALÍSTICO-MIDIÁTICO,Participação em discussões orais de temas controversos de interesse da turma e/ou de relevância social,"Engajar-se e contribuir com a busca de conclusões comuns relativas a problemas, temas ou questões polêmicas de interesse da turma e/ou de relevância social.","BRASIL. Base Nacional Comum Curricular (2018), p. 144–145; BNCC_EI_EF_110518_versaofinal_site.pdf, páginas do PDF 146–147"
e04961ba-b3f3-566c-b7af-0a919b45445c,EF69LP14,EF_AF,6;7;8;9,Língua Portuguesa,CAMPO JORNALÍSTICO-MIDIÁTICO,Participação em discussões orais de temas controversos de interesse da turma e/ou de relevância social,"Formular perguntas e decompor, com a ajuda dos colegas e dos professores, tema/questão polêmica, explicações e ou argumentos relativos ao objeto de discussão para análise mais minuciosa e buscar em fontes diversas informações ou dados que permitam analisar partes da questão e compartilhá-los com a turma.","BRASIL. Base Nacional Comum Curricular (2018), p. 144–145; BNCC_EI_EF_110518_versaofinal_site.pdf, páginas do PDF 146–147"
0ede402e-3649-54a2-a798-1eb3c33ca0ce,EF69LP15,EF_AF,6;7;8;9,Língua Portuguesa,CAMPO JORNALÍSTICO-MIDIÁTICO,Participação em discussões orais de temas controversos de interesse da turma e/ou de relevância social,"Apresentar argumentos e contra-argumentos coerentes, respeitando os turnos de fala, na participação em discussões sobre temas controversos e/ou polêmicos.","BRASIL. Base Nacional Comum Curricular (2018), p. 144–145; BNCC_EI_EF_110518_versaofinal_site.pdf, páginas do PDF 146–147"
8fc35d6a-a05e-5db9-91d0-93df464dff04,EF69LP16,EF_AF,6;7;8;9,Língua Portuguesa,CAMPO JORNALÍSTICO-MIDIÁTICO,Construção composicional,"Analisar e utilizar as formas de composição dos gêneros jornalísticos da ordem do relatar, tais como notícias (pirâmide invertida no impresso X blocos noticiosos hipertextuais e hipermidiáticos no digital, que também pode contar com imagens de vários tipos, vídeos, gravações de áudio etc.), da ordem do argumentar, tais como artigos de opinião e editorial (contextualização, defesa de tese/opinião e uso de argumentos) e das entrevistas: apresentação e contextualização do entrevistado e do tema, estrutura pergunta e resposta etc.","BRASIL. Base Nacional Comum Curricular (2018), p. 144–145; BNCC_EI_EF_110518_versaofinal_site.pdf, páginas do PDF 146–147"
dfb1ff88-cfe4-5b68-9ed8-fba751b223b9,EF69LP17,EF_AF,6;7;8;9,Língua Portuguesa,CAMPO JORNALÍSTICO-MIDIÁTICO,Estilo,"Perceber e analisar os recursos estilísticos e semióticos dos gêneros jornalísticos e publicitários, os aspectos relativos ao tratamento da informação em notícias, como a ordenação dos eventos, as escolhas lexicais, o efeito de imparcialidade do relato, a morfologia do verbo, em textos noticiosos e argumentativos, reconhecendo marcas de pessoa, número, tempo, modo, a distribuição dos verbos nos gêneros textuais (por exemplo, as formas de pretérito em relatos; as formas de presente e futuro em gêneros argumentativos; as formas de imperativo em gêneros publicitários), o uso de recursos persuasivos em textos argumentativos diversos (como a elaboração do título, escolhas lexicais, construções metafóricas, a explicitação ou a ocultação de fontes de informação) e as estratégias de persuasão e apelo ao consumo com os recursos linguístico-discursivos utilizados (tempo verbal, jogos de palavras, metáforas, imagens).","BRASIL. Base Nacional Comum Curricular (2018), p. 144–145; BNCC_EI_EF_110518_versaofinal_site.pdf, páginas do PDF 146–147"
f8912b9b-1985-54d1-9ae3-f2dcd3fa7cd7,EF69LP18,EF_AF,6;7;8;9,Língua Portuguesa,CAMPO JORNALÍSTICO-MIDIÁTICO,Estilo,"Utilizar, na escrita/reescrita de textos argumentativos, recursos linguísticos que marquem as relações de sentido entre parágrafos e enunciados do texto e operadores de conexão adequados aos tipos de argumento e à forma de composição de textos argumentativos, de maneira a garantir a coesão, a coerência e a progressão temática nesses textos (“primeiramente, mas, no entanto, em primeiro/segundo/terceiro lugar, finalmente, em conclusão” etc.).","BRASIL. Base Nacional Comum Curricular (2018), p. 144–145; BNCC_EI_EF_110518_versaofinal_site.pdf, páginas do PDF 146–147"
d816fe62-4384-546f-b3b1-91d5d2415103,EF69LP19,EF_AF,6;7;8;9,Língua Portuguesa,CAMPO JORNALÍSTICO-MIDIÁTICO,Efeito de sentido,"Analisar, em gêneros orais que envolvam argumentação, os efeitos de sentido de elementos típicos da modalidade falada, como a pausa, a entonação, o ritmo, a gestualidade e expressão facial, as hesitações etc.","BRASIL. Base Nacional Comum Curricular (2018), p. 144–145; BNCC_EI_EF_110518_versaofinal_site.pdf, páginas do PDF 146–147"
1e8d1771-ba9a-50e0-a13a-dfe67edeb70b,EF69LP20,EF_AF,6;7;8;9,Língua Portuguesa,CAMPO DE ATUAÇÃO NA VIDA PÚBLICA,"Reconstrução das condições de produção e circulação e adequação do texto à construção composicional e ao estilo de gênero (Lei, código, estatuto, código, regimento etc.)","Identificar, tendo em vista o contexto de produção, a forma de organização dos textos normativos e legais, a lógica de hierarquização de seus itens e subitens e suas partes: parte inicial (título – nome e data – e ementa), blocos de artigos (parte, livro, capítulo, seção, subseção), artigos (caput e parágrafos e incisos) e parte final (disposições pertinentes à sua implementação) e analisar efeitos de sentido causados pelo uso de vocabulário técnico, pelo uso do imperativo, de palavras e expressões que indicam circunstâncias, como advérbios e locuções adverbiais, de palavras que indicam generalidade, como alguns pronomes indefinidos, de forma a poder compreender o caráter imperativo, coercitivo e generalista das leis e de outras formas de regulamentação.","BRASIL. Base Nacional Comum Curricular (2018), p. 146–147; BNCC_EI_EF_110518_versaofinal_site.pdf, páginas do PDF 148–149"
3f54aabc-bc66-5d82-a250-f771de2f1560,EF69LP21,EF_AF,6;7;8;9,Língua Portuguesa,CAMPO DE ATUAÇÃO NA VIDA PÚBLICA,Apreciação e réplica,"Posicionar-se em relação a conteúdos veiculados em práticas não institucionalizadas de participação social, sobretudo àquelas vinculadas a manifestações artísticas, produções culturais, intervenções urbanas e práticas próprias das culturas juvenis que pretendam denunciar, expor uma problemática ou “convocar” para uma reflexão/ação, relacionando esse texto/produção com seu contexto de produção e relacionando as partes e semioses presentes para a construção de sentidos.","BRASIL. Base Nacional Comum Curricular (2018), p. 146–147; BNCC_EI_EF_110518_versaofinal_site.pdf, páginas do PDF 148–149"
a323bb04-2307-5750-813d-b7f2533a1dd7,EF69LP22,EF_AF,6;7;8;9,Língua Portuguesa,CAMPO DE ATUAÇÃO NA VIDA PÚBLICA,"Textualização, revisão e edição","Produzir, revisar e editar textos reivindicatórios ou propositivos sobre problemas que afetam a vida escolar ou da comunidade, justificando pontos de vista, reivindicações e detalhando propostas (justificativa, objetivos, ações previstas etc.), levando em conta seu contexto de produção e as características dos gêneros em questão.","BRASIL. Base Nacional Comum Curricular (2018), p. 146–147; BNCC_EI_EF_110518_versaofinal_site.pdf, páginas do PDF 148–149"
6093ac2b-11b5-507f-b6cb-1cef4bc15ac1,EF69LP23,EF_AF,6;7;8;9,Língua Portuguesa,CAMPO DE ATUAÇÃO NA VIDA PÚBLICA,"Textualização, revisão e edição","Contribuir com a escrita de textos normativos, quando houver esse tipo de demanda na escola – regimentos e estatutos de organizações da sociedade civil do âmbito da atuação das crianças e jovens (grêmio livre, clubes de leitura, associações culturais etc.) – e de regras e regulamentos nos vários âmbitos da escola – campeonatos, festivais, regras de convivência etc., levando em conta o contexto de produção e as características dos gêneros em questão.","BRASIL. Base Nacional Comum Curricular (2018), p. 146–147; BNCC_EI_EF_110518_versaofinal_site.pdf, páginas do PDF 148–149"
7970a874-4c33-58b9-bbba-a95041399c6a,EF69LP24,EF_AF,6;7;8;9,Língua Portuguesa,CAMPO DE ATUAÇÃO NA VIDA PÚBLICA,Discussão oral,"Discutir casos, reais ou simulações, submetidos a juízo, que envolvam (supostos) desrespeitos a artigos, do ECA, do Código de Defesa do Consumidor, do Código Nacional de Trânsito, de regulamentações do mercado publicitário etc., como forma de criar familiaridade com textos legais – seu vocabulário, formas de organização, marcas de estilo etc. -, de maneira a facilitar a compreensão de leis, fortalecer a defesa de direitos, fomentar a escrita de textos normativos (se e quando isso for necessário) e possibilitar a compreensão do caráter interpretativo das leis e as várias perspectivas que podem estar em jogo.","BRASIL. Base Nacional Comum Curricular (2018), p. 148–149; BNCC_EI_EF_110518_versaofinal_site.pdf, páginas do PDF 150–151"
5fd19504-ac73-50fa-a16d-5cdcd20a1f1d,EF69LP25,EF_AF,6;7;8;9,Língua Portuguesa,CAMPO DE ATUAÇÃO NA VIDA PÚBLICA,Discussão oral,"Posicionar-se de forma consistente e sustentada em uma discussão, assembleia, reuniões de colegiados da escola, de agremiações e outras situações de apresentação de propostas e defesas de opiniões, respeitando as opiniões contrárias e propostas alternativas e fundamentando seus posicionamentos, no tempo de fala previsto, valendo-se de sínteses e propostas claras e justificadas.","BRASIL. Base Nacional Comum Curricular (2018), p. 148–149; BNCC_EI_EF_110518_versaofinal_site.pdf, páginas do PDF 150–151"
12e88489-2b80-5ffd-84de-630fee4e1b03,EF69LP26,EF_AF,6;7;8;9,Língua Portuguesa,CAMPO DE ATUAÇÃO NA VIDA PÚBLICA,Registro,"Tomar nota em discussões, debates, palestras, apresentação de propostas, reuniões, como forma de documentar o evento e apoiar a própria fala (que pode se dar no momento do evento ou posteriormente, quando, por exemplo, for necessária a retomada dos assuntos tratados em outros contextos públicos, como diante dos representados).","BRASIL. Base Nacional Comum Curricular (2018), p. 148–149; BNCC_EI_EF_110518_versaofinal_site.pdf, páginas do PDF 150–151"
58badef5-37eb-5707-a958-6782af1d2337,EF69LP27,EF_AF,6;7;8;9,Língua Portuguesa,CAMPO DE ATUAÇÃO NA VIDA PÚBLICA,"Análise de textos legais/normativos, propositivos e reivindicatórios","Analisar a forma composicional de textos pertencentes a gêneros normativos/ jurídicos e a gêneros da esfera política, tais como propostas, programas políticos (posicionamento quanto a diferentes ações a serem propostas, objetivos, ações previstas etc.), propaganda política (propostas e sua sustentação, posicionamento quanto a temas em discussão) e textos reivindicatórios: cartas de reclamação, petição (proposta, suas justificativas e ações a serem adotadas) e suas marcas linguísticas, de forma a incrementar a compreensão de textos pertencentes a esses gêneros e a possibilitar a produção de textos mais adequados e/ou fundamentados quando isso for requerido.","BRASIL. Base Nacional Comum Curricular (2018), p. 148–149; BNCC_EI_EF_110518_versaofinal_site.pdf, páginas do PDF 150–151"
181d375c-1eb4-5d58-b433-0712519e62eb,EF69LP28,EF_AF,6;7;8;9,Língua Portuguesa,CAMPO DE ATUAÇÃO NA VIDA PÚBLICA,Modalização,"Observar os mecanismos de modalização adequados aos textos jurídicos, as modalidades deônticas, que se referem ao eixo da conduta (obrigatoriedade/permissibilidade) como, por exemplo: Proibição: “Não se deve fumar em recintos fechados.”; Obrigatoriedade: “A vida tem que valer a pena.”; Possibilidade: “É permitido a entrada de menores acompanhados de adultos responsáveis”, e os mecanismos de modalização adequados aos textos políticos e propositivos, as modalidades apreciativas, em que o locutor exprime um juízo de valor (positivo ou negativo) acerca do que enuncia. Por exemplo: “Que belo discurso!”, “Discordo das escolhas de Antônio.” “Felizmente, o buraco ainda não causou acidentes mais graves.”","BRASIL. Base Nacional Comum Curricular (2018), p. 148–149; BNCC_EI_EF_110518_versaofinal_site.pdf, páginas do PDF 150–151"
57bbd745-ad38-5aa0-8466-270ce315ad69,EF69LP29,EF_AF,6;7;8;9,Língua Portuguesa,CAMPO DAS PRÁTICAS DE ESTUDO E PESQUISA,Reconstrução das condições de produção e recepção dos textos e adequação do texto à construção composicional e ao estilo de gênero,"Refletir sobre a relação entre os contextos de produção dos gêneros de divulgação científica – texto didático, artigo de divulgação científica, reportagem de divulgação científica, verbete de enciclopédia (impressa e digital), esquema, infográfico (estático e animado), relatório, relato multimidiático de campo, podcasts e vídeos variados de divulgação científica etc. – e os aspectos relativos à construção composicional e às marcas linguística características desses gêneros, de forma a ampliar suas possibilidades de compreensão (e produção) de textos pertencentes a esses gêneros.","BRASIL. Base Nacional Comum Curricular (2018), p. 150–151; BNCC_EI_EF_110518_versaofinal_site.pdf, páginas do PDF 152–153"
6540c309-052c-558c-8573-9564faa478fc,EF69LP30,EF_AF,6;7;8;9,Língua Portuguesa,CAMPO DAS PRÁTICAS DE ESTUDO E PESQUISA,Relação entre textos,"Comparar, com a ajuda do professor, conteúdos, dados e informações de diferentes fontes, levando em conta seus contextos de produção e referências, identificando coincidências, complementaridades e contradições, de forma a poder identificar erros/imprecisões conceituais, compreender e posicionar-se criticamente sobre os conteúdos e informações em questão.","BRASIL. Base Nacional Comum Curricular (2018), p. 150–151; BNCC_EI_EF_110518_versaofinal_site.pdf, páginas do PDF 152–153"
e7620679-bb32-511c-b12a-9e69919fddac,EF69LP31,EF_AF,6;7;8;9,Língua Portuguesa,CAMPO DAS PRÁTICAS DE ESTUDO E PESQUISA,Apreciação e réplica,"Utilizar pistas linguísticas – tais como “em primeiro/segundo/terceiro lugar”, “por outro lado”, “dito de outro modo”, isto é”, “por exemplo” – para compreender a hierarquização das proposições, sintetizando o conteúdo dos textos.","BRASIL. Base Nacional Comum Curricular (2018), p. 150–151; BNCC_EI_EF_110518_versaofinal_site.pdf, páginas do PDF 152–153"
1ccb6317-0f38-5ba1-8abc-f5aa6367dce9,EF69LP32,EF_AF,6;7;8;9,Língua Portuguesa,CAMPO DAS PRÁTICAS DE ESTUDO E PESQUISA,Estratégias e procedimentos de leitura Relação do verbal com outras semioses Procedimentos e gêneros de apoio à compreensão,"Selecionar informações e dados relevantes de fontes diversas (impressas, digitais, orais etc.), avaliando a qualidade e a utilidade dessas fontes, e organizar, esquematicamente, com ajuda do professor, as informações necessárias (sem excedê-las) com ou sem apoio de ferramentas digitais, em quadros, tabelas ou gráficos.","BRASIL. Base Nacional Comum Curricular (2018), p. 150–151; BNCC_EI_EF_110518_versaofinal_site.pdf, páginas do PDF 152–153"
482d2a12-a584-5ab6-823b-cfd47fe75d01,EF69LP33,EF_AF,6;7;8;9,Língua Portuguesa,CAMPO DAS PRÁTICAS DE ESTUDO E PESQUISA,Estratégias e procedimentos de leitura Relação do verbal com outras semioses Procedimentos e gêneros de apoio à compreensão,"Articular o verbal com os esquemas, infográficos, imagens variadas etc. na (re)construção dos sentidos dos textos de divulgação científica e retextualizar do discursivo para o esquemático – infográfico, esquema, tabela, gráfico, ilustração etc. – e, ao contrário, transformar o conteúdo das tabelas, esquemas, infográficos, ilustrações etc. em texto discursivo, como forma de ampliar as possibilidades de compreensão desses textos e analisar as características das multissemioses e dos gêneros em questão.","BRASIL. Base Nacional Comum Curricular (2018), p. 150–151; BNCC_EI_EF_110518_versaofinal_site.pdf, páginas do PDF 152–153"
f3bdc7ac-e0a3-55c4-b4f9-8616ce0ac14e,EF69LP34,EF_AF,6;7;8;9,Língua Portuguesa,CAMPO DAS PRÁTICAS DE ESTUDO E PESQUISA,Estratégias e procedimentos de leitura Relação do verbal com outras semioses Procedimentos e gêneros de apoio à compreensão,"Grifar as partes essenciais do texto, tendo em vista os objetivos de leitura, produzir marginálias (ou tomar notas em outro suporte), sínteses organizadas em itens, quadro sinóptico, quadro comparativo, esquema, resumo ou resenha do texto lido (com ou sem comentário/análise), mapa conceitual, dependendo do que for mais adequado, como forma de possibilitar uma maior compreensão do texto, a sistematização de conteúdos e informações e um posicionamento frente aos textos, se esse for o caso.","BRASIL. Base Nacional Comum Curricular (2018), p. 150–151; BNCC_EI_EF_110518_versaofinal_site.pdf, páginas do PDF 152–153"
edea6456-867a-574a-8178-d58aeec30cb5,EF69LP35,EF_AF,6;7;8;9,Língua Portuguesa,CAMPO DAS PRÁTICAS DE ESTUDO E PESQUISA,Consideração das condições de produção de textos de divulgação científica Estratégias de escrita,"Planejar textos de divulgação científica, a partir da elaboração de esquema que considere as pesquisas feitas anteriormente, de notas e sínteses de leituras ou de registros de experimentos ou de estudo de campo, produzir, revisar e editar textos voltados para a divulgação do conhecimento e de dados e resultados de pesquisas, tais como artigo de divulgação científica, artigo de opinião, reportagem científica, verbete de enciclopédia, verbete de enciclopédia digital colaborativa , infográfico, relatório, relato de experimento científico, relato (multimidiático) de campo, tendo em vista seus contextos de produção, que podem envolver a disponibilização de informações e conhecimentos em circulação em um formato mais acessível para um público específico ou a divulgação de conhecimentos advindos de pesquisas bibliográficas, experimentos científicos e estudos de campo realizados.","BRASIL. Base Nacional Comum Curricular (2018), p. 152–153; BNCC_EI_EF_110518_versaofinal_site.pdf, páginas do PDF 154–155"
cdb7022e-d445-5a05-9160-9fa331f84970,EF69LP36,EF_AF,6;7;8;9,Língua Portuguesa,CAMPO DAS PRÁTICAS DE ESTUDO E PESQUISA,"Estratégias de escrita: textualização, revisão e edição","Produzir, revisar e editar textos voltados para a divulgação do conhecimento e de dados e resultados de pesquisas, tais como artigos de divulgação científica, verbete de enciclopédia, infográfico, infográfico animado, podcast ou vlog científico, relato de experimento, relatório, relatório multimidiático de campo, dentre outros, considerando o contexto de produção e as regularidades dos gêneros em termos de suas construções composicionais e estilos.","BRASIL. Base Nacional Comum Curricular (2018), p. 152–153; BNCC_EI_EF_110518_versaofinal_site.pdf, páginas do PDF 154–155"
9ac4db33-359b-52ce-a149-8fd620b14e93,EF69LP37,EF_AF,6;7;8;9,Língua Portuguesa,CAMPO DAS PRÁTICAS DE ESTUDO E PESQUISA,Estratégias de produção,"Produzir roteiros para elaboração de vídeos de diferentes tipos (vlog científico, vídeo-minuto, programa de rádio, podcasts) para divulgação de conhecimentos científicos e resultados de pesquisa, tendo em vista seu contexto de produção, os elementos e a construção composicional dos roteiros.","BRASIL. Base Nacional Comum Curricular (2018), p. 152–153; BNCC_EI_EF_110518_versaofinal_site.pdf, páginas do PDF 154–155"
af653b74-caae-5660-9b23-322d374c7a56,EF69LP38,EF_AF,6;7;8;9,Língua Portuguesa,CAMPO DAS PRÁTICAS DE ESTUDO E PESQUISA,Estratégias de produção: planejamento e produção de apresentações orais,"Organizar os dados e informações pesquisados em painéis ou slides de apresentação, levando em conta o contexto de produção, o tempo disponível, as características do gênero apresentação oral, a multissemiose, as mídias e tecnologias que serão utilizadas, ensaiar a apresentação, considerando também elementos paralinguísticos e cinésicos e proceder à exposição oral de resultados de estudos e pesquisas, no tempo determinado, a partir do planejamento e da definição de diferentes formas de uso da fala – memorizada, com apoio da leitura ou fala espontânea.","BRASIL. Base Nacional Comum Curricular (2018), p. 152–153; BNCC_EI_EF_110518_versaofinal_site.pdf, páginas do PDF 154–155"
32e8ead7-7a9e-5bc7-85af-6bab51eb3c7e,EF69LP39,EF_AF,6;7;8;9,Língua Portuguesa,CAMPO DAS PRÁTICAS DE ESTUDO E PESQUISA,Estratégias de produção,"Definir o recorte temático da entrevista e o entrevistado, levantar informações sobre o entrevistado e sobre o tema da entrevista, elaborar roteiro de perguntas, realizar entrevista, a partir do roteiro, abrindo possibilidades para fazer perguntas a partir da resposta, se o contexto permitir, tomar nota, gravar ou salvar a entrevista e usar adequadamente as informações obtidas, de acordo com os objetivos estabelecidos.","BRASIL. Base Nacional Comum Curricular (2018), p. 152–153; BNCC_EI_EF_110518_versaofinal_site.pdf, páginas do PDF 154–155"
e5501595-5aee-512b-9297-667375e78ba3,EF69LP40,EF_AF,6;7;8;9,Língua Portuguesa,CAMPO DAS PRÁTICAS DE ESTUDO E PESQUISA,Construção composicional Elementos paralinguísticos e cinésicos Apresentações orais,"Analisar, em gravações de seminários, conferências rápidas, trechos de palestras, dentre outros, a construção composicional dos gêneros de apresentação – abertura/saudação, introdução ao tema, apresentação do plano de exposição, desenvolvimento dos conteúdos, por meio do encadeamento de temas e subtemas (coesão temática), síntese final e/ou conclusão, encerramento –, os elementos paralinguísticos (tais como: tom e volume da voz, pausas e hesitações – que, em geral, devem ser minimizadas –, modulação de voz e entonação, ritmo, respiração etc.) e cinésicos (tais como: postura corporal, movimentos e gestualidade significativa, expressão facial, contato de olho com plateia, modulação de voz e entonação, sincronia da fala com ferramenta de apoio etc.), para melhor performar apresentações orais no campo da divulgação do conhecimento.","BRASIL. Base Nacional Comum Curricular (2018), p. 154–155; BNCC_EI_EF_110518_versaofinal_site.pdf, páginas do PDF 156–157"
954e8aa2-774e-5ebf-b092-583c3433bd13,EF69LP41,EF_AF,6;7;8;9,Língua Portuguesa,CAMPO DAS PRÁTICAS DE ESTUDO E PESQUISA,Usar adequadamente ferramentas de apoio a apresentações orais,"Usar adequadamente ferramentas de apoio a apresentações orais, escolhendo e usando tipos e tamanhos de fontes que permitam boa visualização, topicalizando e/ou organizando o conteúdo em itens, inserindo de forma adequada imagens, gráficos, tabelas, formas e elementos gráficos, dimensionando a quantidade de texto (e imagem) por slide, usando progressivamente e de forma harmônica recursos mais sofisticados como efeitos de transição, slides mestres, layouts personalizados etc.","BRASIL. Base Nacional Comum Curricular (2018), p. 154–155; BNCC_EI_EF_110518_versaofinal_site.pdf, páginas do PDF 156–157"
25d1ee4a-5429-5508-9f00-8c709b06ab98,EF69LP42,EF_AF,6;7;8;9,Língua Portuguesa,CAMPO DAS PRÁTICAS DE ESTUDO E PESQUISA,Construção composicional e estilo Gêneros de divulgação científica,"Analisar a construção composicional dos textos pertencentes a gêneros relacionados à divulgação de conhecimentos: título, (olho), introdução, divisão do texto em subtítulos, imagens ilustrativas de conceitos, relações, ou resultados complexos (fotos, ilustrações, esquemas, gráficos, infográficos, diagramas, figuras, tabelas, mapas) etc., exposição, contendo definições, descrições, comparações, enumerações, exemplificações e remissões a conceitos e relações por meio de notas de rodapé, boxes ou links; ou título, contextualização do campo, ordenação temporal ou temática por tema ou subtema, intercalação de trechos verbais com fotos, ilustrações, áudios, vídeos etc. e reconhecer traços da linguagem dos textos de divulgação científica, fazendo uso consciente das estratégias de impessoalização da linguagem (ou de pessoalização, se o tipo de publicação e objetivos assim o demandarem, como em alguns podcasts e vídeos de divulgação científica), 3ª pessoa, presente atemporal, recurso à citação, uso de vocabulário técnico/especializado etc., como forma de ampliar suas capacidades de compreensão e produção de textos nesses gêneros.","BRASIL. Base Nacional Comum Curricular (2018), p. 154–155; BNCC_EI_EF_110518_versaofinal_site.pdf, páginas do PDF 156–157"
3650bdcf-cfab-5e43-9130-48d569eb74b1,EF69LP43,EF_AF,6;7;8;9,Língua Portuguesa,CAMPO DAS PRÁTICAS DE ESTUDO E PESQUISA,Marcas linguísticas Intertextualidade,"Identificar e utilizar os modos de introdução de outras vozes no texto – citação literal e sua formatação e paráfrase –, as pistas linguísticas responsáveis por introduzir no texto a posição do autor e dos outros autores citados (“Segundo X; De acordo com Y; De minha/nossa parte, penso/amos que”...) e os elementos de normatização (tais como as regras de inclusão e formatação de citações e paráfrases, de organização de referências bibliográficas) em textos científicos, desenvolvendo reflexão sobre o modo como a intertextualidade e a retextualização ocorrem nesses textos.","BRASIL. Base Nacional Comum Curricular (2018), p. 154–155; BNCC_EI_EF_110518_versaofinal_site.pdf, páginas do PDF 156–157"
adcafac5-8c27-5b15-ac1c-42fd97ded955,EF69LP44,EF_AF,6;7;8;9,Língua Portuguesa,CAMPO ARTÍSTICO-LITERÁRIO,"Reconstrução das condições de produção, circulação e recepção Apreciação e réplica","Inferir a presença de valores sociais, culturais e humanos e de diferentes visões de mundo, em textos literários, reconhecendo nesses textos formas de estabelecer múltiplos olhares sobre as identidades, sociedades e culturas e considerando a autoria e o contexto social e histórico de sua produção.","BRASIL. Base Nacional Comum Curricular (2018), p. 156–157; BNCC_EI_EF_110518_versaofinal_site.pdf, páginas do PDF 158–159"
5f0e1541-aa57-5716-9856-3952d8d617cb,EF69LP55,EF_AF,6;7;8;9,Língua Portuguesa,TODOS OS CAMPOS DE ATUAÇÃO,Variação linguística,"Reconhecer as variedades da língua falada, o conceito de norma-padrão e o de preconceito linguístico.","BRASIL. Base Nacional Comum Curricular (2018), p. 160–161; BNCC_EI_EF_110518_versaofinal_site.pdf, páginas do PDF 162–163"
34ddb86a-9e75-5bcf-991f-bab0976bb09d,EF69LP56,EF_AF,6;7;8;9,Língua Portuguesa,TODOS OS CAMPOS DE ATUAÇÃO,Variação linguística,Fazer uso consciente e reflexivo de regras e normas da norma-padrão em situações de fala e escrita nas quais ela deve ser usada.,"BRASIL. Base Nacional Comum Curricular (2018), p. 160–161; BNCC_EI_EF_110518_versaofinal_site.pdf, páginas do PDF 162–163"
3cea62bc-27a7-587d-9f32-1b6c4e9d9c32,EF89EF05,EF_AF,8;9,Educação Física,Esportes,Esportes de rede/parede Esportes de campo e taco Esportes de invasão Esportes de combate,"Identificar as transformações históricas do fenômeno esportivo e discutir alguns de seus problemas (doping, corrupção, violência etc.) e a forma como as mídias os apresentam.","BRASIL. Base Nacional Comum Curricular (2018), p. 236–237; BNCC_EI_EF_110518_versaofinal_site.pdf, páginas do PDF 238–239"
c8b31bbf-ad75-506a-996a-dc8e0562f144,EF89EF06,EF_AF,8;9,Educação Física,Esportes,Esportes de rede/parede Esportes de campo e taco Esportes de invasão Esportes de combate,"Verificar locais disponíveis na comunidade para a prática de esportes e das demais práticas corporais tematizadas na escola, propondo e produzindo alternativas para utilizá-los no tempo livre.","BRASIL. Base Nacional Comum Curricular (2018), p. 236–237; BNCC_EI_EF_110518_versaofinal_site.pdf, páginas do PDF 238–239"
13e7ef79-a2ea-5641-9e28-3a0ff3d176ee,EF89EF08,EF_AF,8;9,Educação Física,Ginásticas,Ginástica de condicionamento físico Ginástica de conscientização corporal,"Discutir as transformações históricas dos padrões de desempenho, saúde e beleza, considerando a forma como são apresentados nos diferentes meios (científico, midiático etc.).","BRASIL. Base Nacional Comum Curricular (2018), p. 236–237; BNCC_EI_EF_110518_versaofinal_site.pdf, páginas do PDF 238–239"
88a2a63f-b953-50b8-8d35-533b54c884a1,EF89EF09,EF_AF,8;9,Educação Física,Ginásticas,Ginástica de condicionamento físico Ginástica de conscientização corporal,Problematizar a prática excessiva de exercícios físicos e o uso de medicamentos para a ampliação do rendimento ou potencialização das transformações corporais.,"BRASIL. Base Nacional Comum Curricular (2018), p. 236–237; BNCC_EI_EF_110518_versaofinal_site.pdf, páginas do PDF 238–239"
5c4b6a39-8b0e-573e-8559-16e606c92131,EF89EF11,EF_AF,8;9,Educação Física,Ginásticas,Ginástica de condicionamento físico Ginástica de conscientização corporal,"Identificar as diferenças e semelhanças entre a ginástica de conscientização corporal e as de condicionamento físico e discutir como a prática de cada uma dessas manifestações pode contribuir para a melhoria das condições de vida, saúde, bem-estar e cuidado consigo mesmo.","BRASIL. Base Nacional Comum Curricular (2018), p. 236–237; BNCC_EI_EF_110518_versaofinal_site.pdf, páginas do PDF 238–239"
535458a3-1702-5c72-8640-db4d367885fa,EF89EF14,EF_AF,8;9,Educação Física,Danças,Danças de salão,Discutir estereótipos e preconceitos relativos às danças de salão e demais práticas corporais e propor alternativas para sua superação.,"BRASIL. Base Nacional Comum Curricular (2018), p. 236–237; BNCC_EI_EF_110518_versaofinal_site.pdf, páginas do PDF 238–239"
17cf3687-5dc4-5ca2-9a73-a17981e78d59,EF89EF15,EF_AF,8;9,Educação Física,Danças,Danças de salão,"Analisar as características (ritmos, gestos, coreografias e músicas) das danças de salão, bem como suas transformações históricas e os grupos de origem.","BRASIL. Base Nacional Comum Curricular (2018), p. 236–237; BNCC_EI_EF_110518_versaofinal_site.pdf, páginas do PDF 238–239"
72fae993-18cc-5251-be8f-bdfc98bf7e3b,EF89EF18,EF_AF,8;9,Educação Física,Lutas,Lutas do mundo,"Discutir as transformações históricas, o processo de esportivização e a midiatização de uma ou mais lutas, valorizando e respeitando as culturas de origem.","BRASIL. Base Nacional Comum Curricular (2018), p. 238–239; BNCC_EI_EF_110518_versaofinal_site.pdf, páginas do PDF 240–241"
760fbccb-675d-5157-89ce-5b4ac5a78480,EF89LP01,EF_AF,8;9,Língua Portuguesa,CAMPO JORNALÍSTICO-MIDIÁTICO,"Reconstrução do contexto de produção, circulação e recepção de textos Caracterização do campo jornalístico e relação entre os gêneros em circulação, mídias e práticas da cultura digital","Analisar os interesses que movem o campo jornalístico, os efeitos das novas tecnologias no campo e as condições que fazem da informação uma mercadoria, de forma a poder desenvolver uma atitude crítica frente aos textos jornalísticos.","BRASIL. Base Nacional Comum Curricular (2018), p. 176–177; BNCC_EI_EF_110518_versaofinal_site.pdf, páginas do PDF 178–179"
3d87ef15-4f46-5ff3-9892-402da941d6e6,EF89LP02,EF_AF,8;9,Língua Portuguesa,CAMPO JORNALÍSTICO-MIDIÁTICO,"Reconstrução do contexto de produção, circulação e recepção de textos Caracterização do campo jornalístico e relação entre os gêneros em circulação, mídias e práticas da cultura digital","Analisar diferentes práticas (curtir, compartilhar, comentar, curar etc.) e textos pertencentes a diferentes gêneros da cultura digital (meme, gif, comentário, charge digital etc.) envolvidos no trato com a informação e opinião, de forma a possibilitar uma presença mais crítica e ética nas redes.","BRASIL. Base Nacional Comum Curricular (2018), p. 176–177; BNCC_EI_EF_110518_versaofinal_site.pdf, páginas do PDF 178–179"
1030b17b-6c93-5e9f-b744-aac88d14e62d,EF89LP03,EF_AF,8;9,Língua Portuguesa,CAMPO JORNALÍSTICO-MIDIÁTICO,Estratégia de leitura: apreender os sentidos globais do texto Apreciação e réplica,"Analisar textos de opinião (artigos de opinião, editoriais, cartas de leitores, comentários, posts de blog e de redes sociais, charges, memes, gifs etc.) e posicionar-se de forma crítica e fundamentada, ética e respeitosa frente a fatos e opiniões relacionados a esses textos.","BRASIL. Base Nacional Comum Curricular (2018), p. 176–177; BNCC_EI_EF_110518_versaofinal_site.pdf, páginas do PDF 178–179"
9eedd02b-c47b-5f54-8146-7afa6edb1fcf,EF89LP04,EF_AF,8;9,Língua Portuguesa,CAMPO JORNALÍSTICO-MIDIÁTICO,Estratégia de leitura: apreender os sentidos globais do texto Apreciação e réplica,"Identificar e avaliar teses/opiniões/posicionamentos explícitos e implícitos, argumentos e contra-argumentos em textos argumentativos do campo (carta de leitor, comentário, artigo de opinião, resenha crítica etc.), posicionando-se frente à questão controversa de forma sustentada.","BRASIL. Base Nacional Comum Curricular (2018), p. 176–177; BNCC_EI_EF_110518_versaofinal_site.pdf, páginas do PDF 178–179"
3f3803cb-625c-5a5b-b6d0-32fb023f10da,EF89LP05,EF_AF,8;9,Língua Portuguesa,CAMPO JORNALÍSTICO-MIDIÁTICO,Efeitos de sentido,"Analisar o efeito de sentido produzido pelo uso, em textos, de recurso a formas de apropriação textual (paráfrases, citações, discurso direto, indireto ou indireto livre).","BRASIL. Base Nacional Comum Curricular (2018), p. 176–177; BNCC_EI_EF_110518_versaofinal_site.pdf, páginas do PDF 178–179"
52c2761d-8fdc-5462-a821-cb8780d7097e,EF89LP06,EF_AF,8;9,Língua Portuguesa,CAMPO JORNALÍSTICO-MIDIÁTICO,Efeitos de sentido,"Analisar o uso de recursos persuasivos em textos argumentativos diversos (como a elaboração do título, escolhas lexicais, construções metafóricas, a explicitação ou a ocultação de fontes de informação) e seus efeitos de sentido.","BRASIL. Base Nacional Comum Curricular (2018), p. 176–177; BNCC_EI_EF_110518_versaofinal_site.pdf, páginas do PDF 178–179"
2d25b27d-a528-52dd-b034-fe15b2b558c3,EF89LP07,EF_AF,8;9,Língua Portuguesa,CAMPO JORNALÍSTICO-MIDIÁTICO,Efeitos de sentido Exploração da multissemiose,"Analisar, em notícias, reportagens e peças publicitárias em várias mídias, os efeitos de sentido devidos ao tratamento e à composição dos elementos nas imagens em movimento, à performance, à montagem feita (ritmo, duração e sincronização entre as linguagens – complementaridades, interferências etc.) e ao ritmo, melodia, instrumentos e sampleamentos das músicas e efeitos sonoros.","BRASIL. Base Nacional Comum Curricular (2018), p. 176–177; BNCC_EI_EF_110518_versaofinal_site.pdf, páginas do PDF 178–179"
e8801f33-283a-506a-8feb-6b1bd566f79d,EF89LP08,EF_AF,8;9,Língua Portuguesa,CAMPO JORNALÍSTICO-MIDIÁTICO,Estratégia de produção: planejamento de textos informativos,"Planejar reportagem impressa e em outras mídias (rádio ou TV/vídeo, sites), tendo em vista as condições de produção do texto – objetivo, leitores/espectadores, veículos e mídia de circulação etc. – a partir da escolha do fato a ser aprofundado ou do tema a ser focado (de relevância para a turma, escola ou comunidade), do levantamento de dados e informações sobre o fato ou tema – que pode envolver entrevistas com envolvidos ou com especialistas, consultas a fontes diversas, análise de documentos, cobertura de eventos etc. -, do registro dessas informações e dados, da escolha de fotos ou imagens a produzir ou a utilizar etc., da produção de infográficos, quando for o caso, e da organização hipertextual (no caso a publicação em sites ou blogs noticiosos ou mesmo de jornais impressos, por meio de boxes variados).","BRASIL. Base Nacional Comum Curricular (2018), p. 178–179; BNCC_EI_EF_110518_versaofinal_site.pdf, páginas do PDF 180–181"
182e2f95-ee26-56ca-96ff-a92a054e906e,EF89LP09,EF_AF,8;9,Língua Portuguesa,CAMPO JORNALÍSTICO-MIDIÁTICO,Estratégia de produção: textualização de textos informativos,"Produzir reportagem impressa, com título, linha fina (optativa), organização composicional (expositiva, interpretativa e/ou opinativa), progressão temática e uso de recursos linguísticos compatíveis com as escolhas feitas e reportagens multimidiáticas, tendo em vista as condições de produção, as características do gênero, os recursos e mídias disponíveis, sua organização hipertextual e o manejo adequado de recursos de captação e edição de áudio e imagem e adequação à norma-padrão.","BRASIL. Base Nacional Comum Curricular (2018), p. 178–179; BNCC_EI_EF_110518_versaofinal_site.pdf, páginas do PDF 180–181"
6f40cd1b-c27b-5b89-b0bd-e1c0c9eb67b6,EF89LP10,EF_AF,8;9,Língua Portuguesa,CAMPO JORNALÍSTICO-MIDIÁTICO,Estratégia de produção: planejamento de textos argumentativos e apreciativos,"Planejar artigos de opinião, tendo em vista as condições de produção do texto – objetivo, leitores/espectadores, veículos e mídia de circulação etc. –, a partir da escolha do tema ou questão a ser discutido(a), da relevância para a turma, escola ou comunidade, do levantamento de dados e informações sobre a questão, de argumentos relacionados a diferentes posicionamentos em jogo, da definição – o que pode envolver consultas a fontes diversas, entrevistas com especialistas, análise de textos, organização esquemática das informações e argumentos – dos (tipos de) argumentos e estratégias que pretende utilizar para convencer os leitores.","BRASIL. Base Nacional Comum Curricular (2018), p. 178–179; BNCC_EI_EF_110518_versaofinal_site.pdf, páginas do PDF 180–181"
d53530b9-df9e-5094-a2c3-cb91b10a0138,EF89LP11,EF_AF,8;9,Língua Portuguesa,CAMPO JORNALÍSTICO-MIDIÁTICO,"Estratégias de produção: planejamento, textualização, revisão e edição de textos publicitários","Produzir, revisar e editar peças e campanhas publicitárias, envolvendo o uso articulado e complementar de diferentes peças publicitárias: cartaz, banner, indoor, folheto, panfleto, anúncio de jornal/revista, para internet, spot, propaganda de rádio, TV, a partir da escolha da questão/problema/causa significativa para a escola e/ou a comunidade escolar, da definição do público-alvo, das peças que serão produzidas, das estratégias de persuasão e convencimento que serão utilizadas.","BRASIL. Base Nacional Comum Curricular (2018), p. 178–179; BNCC_EI_EF_110518_versaofinal_site.pdf, páginas do PDF 180–181"
28fd33e3-4edd-5fd3-a576-0747d625b021,EF89LP12,EF_AF,8;9,Língua Portuguesa,CAMPO JORNALÍSTICO-MIDIÁTICO,Estratégias de produção: planejamento e participação em debates regrados,"Planejar coletivamente a realização de um debate sobre tema previamente definido, de interesse coletivo, com regras acordadas e planejar, em grupo, participação em debate a partir do levantamento de informações e argumentos que possam sustentar o posicionamento a ser defendido (o que pode envolver entrevistas com especialistas, consultas a fontes diversas, o registro das informações e dados obtidos etc.), tendo em vista as condições de produção do debate – perfil dos ouvintes e demais participantes, objetivos do debate, motivações para sua realização, argumentos e estratégias de convencimento mais eficazes etc. e participar de debates regrados, na condição de membro de uma equipe de debatedor, apresentador/mediador, espectador (com ou sem direito a perguntas), e/ou de juiz/avaliador, como forma de compreender o funcionamento do debate, e poder participar de forma convincente, ética, respeitosa e crítica e desenvolver uma atitude de respeito e diálogo para com as ideias divergentes.","BRASIL. Base Nacional Comum Curricular (2018), p. 180–181; BNCC_EI_EF_110518_versaofinal_site.pdf, páginas do PDF 182–183"
f2bac301-0d8c-594a-9d4d-e7fb8789397a,EF89LP13,EF_AF,8;9,Língua Portuguesa,CAMPO JORNALÍSTICO-MIDIÁTICO,"Estratégias de produção: planejamento, realização e edição de entrevistas orais","Planejar entrevistas orais com pessoas ligadas ao fato noticiado, especialistas etc., como forma de obter dados e informações sobre os fatos cobertos sobre o tema ou questão discutida ou temáticas em estudo, levando em conta o gênero e seu contexto de produção, partindo do levantamento de informações sobre o entrevistado e sobre a temática e da elaboração de um roteiro de perguntas, garantindo a relevância das informações mantidas e a continuidade temática, realizar entrevista e fazer edição em áudio ou vídeo, incluindo uma contextualização inicial e uma fala de encerramento para publicação da entrevista isoladamente ou como parte integrante de reportagem multimidiática, adequando-a a seu contexto de publicação e garantindo a relevância das informações mantidas e a continuidade temática.","BRASIL. Base Nacional Comum Curricular (2018), p. 180–181; BNCC_EI_EF_110518_versaofinal_site.pdf, páginas do PDF 182–183"
a01c7e2e-3e1b-5901-a943-0995984abe1c,EF89LP14,EF_AF,8;9,Língua Portuguesa,CAMPO JORNALÍSTICO-MIDIÁTICO,"Argumentação: movimentos argumentativos, tipos de argumento e força argumentativa","Analisar, em textos argumentativos e propositivos, os movimentos argumentativos de sustentação, refutação e negociação e os tipos de argumentos, avaliando a força/tipo dos argumentos utilizados.","BRASIL. Base Nacional Comum Curricular (2018), p. 180–181; BNCC_EI_EF_110518_versaofinal_site.pdf, páginas do PDF 182–183"
6d5c4f27-c207-50c5-a621-9e259d30b13f,EF89LP15,EF_AF,8;9,Língua Portuguesa,CAMPO JORNALÍSTICO-MIDIÁTICO,Estilo,"Utilizar, nos debates, operadores argumentativos que marcam a defesa de ideia e de diálogo com a tese do outro: concordo, discordo, concordo parcialmente, do meu ponto de vista, na perspectiva aqui assumida etc.","BRASIL. Base Nacional Comum Curricular (2018), p. 180–181; BNCC_EI_EF_110518_versaofinal_site.pdf, páginas do PDF 182–183"
0721b691-5921-5e0d-81ae-4a43a8d851f8,EF89LP16,EF_AF,8;9,Língua Portuguesa,CAMPO JORNALÍSTICO-MIDIÁTICO,Modalização,"Analisar a modalização realizada em textos noticiosos e argumentativos, por meio das modalidades apreciativas, viabilizadas por classes e estruturas gramaticais como adjetivos, locuções adjetivas, advérbios, locuções adverbiais, orações adjetivas e adverbiais, orações relativas restritivas e explicativas etc., de maneira a perceber a apreciação ideológica sobre os fatos noticiados ou as posições implícitas ou assumidas.","BRASIL. Base Nacional Comum Curricular (2018), p. 180–181; BNCC_EI_EF_110518_versaofinal_site.pdf, páginas do PDF 182–183"
c0542db8-7244-5fb9-ace9-206a31cdb380,EF89LP17,EF_AF,8;9,Língua Portuguesa,CAMPO DE ATUAÇÃO NA VIDA PÚBLICA,"Reconstrução do contexto de produção, circulação e recepção de textos legais e normativos","Relacionar textos e documentos legais e normativos de importância universal, nacional ou local que envolvam direitos, em especial, de crianças, adolescentes e jovens – tais como a Declaração dos Direitos Humanos, a Constituição Brasileira, o ECA -, e a regulamentação da organização escolar – por exemplo, regimento escolar -, a seus contextos de produção, reconhecendo e analisando possíveis motivações, finalidades e sua vinculação com experiências humanas e fatos históricos e sociais, como forma de ampliar a compreensão dos direitos e deveres, de fomentar os princípios democráticos e uma atuação pautada pela ética da responsabilidade (o outro tem direito a uma vida digna tanto quanto eu tenho).","BRASIL. Base Nacional Comum Curricular (2018), p. 182–183; BNCC_EI_EF_110518_versaofinal_site.pdf, páginas do PDF 184–185"
6ce6f5eb-cf7d-556f-a7a4-69152e6b31c4,EF89LP18,EF_AF,8;9,Língua Portuguesa,CAMPO DE ATUAÇÃO NA VIDA PÚBLICA,"Contexto de produção, circulação e recepção de textos e práticas relacionadas à defesa de direitos e à participação social","Explorar e analisar instâncias e canais de participação disponíveis na escola (conselho de escola, outros colegiados, grêmio livre), na comunidade (associações, coletivos, movimentos, etc.), no munícipio ou no país, incluindo formas de participação digital, como canais e plataformas de participação (como portal e-cidadania), serviços, portais e ferramentas de acompanhamentos do trabalho de políticos e de tramitação de leis, canais de educação política, bem como de propostas e proposições que circulam nesses canais, de forma a participar do debate de ideias e propostas na esfera social e a engajar-se com a busca de soluções para problemas ou questões que envolvam a vida da escola e da comunidade.","BRASIL. Base Nacional Comum Curricular (2018), p. 182–183; BNCC_EI_EF_110518_versaofinal_site.pdf, páginas do PDF 184–185"
5aab3af6-4eb8-5da5-9b8e-f002d77bdc29,EF89LP19,EF_AF,8;9,Língua Portuguesa,CAMPO DE ATUAÇÃO NA VIDA PÚBLICA,Relação entre contexto de produção e características composicionais e estilísticas dos gêneros Apreciação e réplica,"Analisar, a partir do contexto de produção, a forma de organização das cartas abertas, abaixo-assinados e petições on-line (identificação dos signatários, explicitação da reivindicação feita, acompanhada ou não de uma breve apresentação da problemática e/ou de justificativas que visam sustentar a reivindicação) e a proposição, discussão e aprovação de propostas políticas ou de soluções para problemas de interesse público, apresentadas ou lidas nos canais digitais de participação, identificando suas marcas linguísticas, como forma de possibilitar a escrita ou subscrição consciente de abaixo-assinados e textos dessa natureza e poder se posicionar de forma crítica e fundamentada frente às propostas.","BRASIL. Base Nacional Comum Curricular (2018), p. 182–183; BNCC_EI_EF_110518_versaofinal_site.pdf, páginas do PDF 184–185"
be226822-613e-578b-b112-4e02cb383ad9,EF89LP20,EF_AF,8;9,Língua Portuguesa,CAMPO DE ATUAÇÃO NA VIDA PÚBLICA,Estratégias e procedimentos de leitura em textos reivindicatórios ou propositivos,"Comparar propostas políticas e de solução de problemas, identificando o que se pretende fazer/implementar, por que (motivações, justificativas), para que (objetivos, benefícios e consequências esperados), como (ações e passos), quando etc. e a forma de avaliar a eficácia da proposta/solução, contrastando dados e informações de diferentes fontes, identificando coincidências, complementaridades e contradições, de forma a poder compreender e posicionar-se criticamente sobre os dados e informações usados em fundamentação de propostas e analisar a coerência entre os elementos, de forma a tomar decisões fundamentadas.","BRASIL. Base Nacional Comum Curricular (2018), p. 182–183; BNCC_EI_EF_110518_versaofinal_site.pdf, páginas do PDF 184–185"
e823ec88-7252-5c01-b2cd-714346239a25,EF89LP21,EF_AF,8;9,Língua Portuguesa,CAMPO DE ATUAÇÃO NA VIDA PÚBLICA,Estratégia de produção: planejamento de textos reivindicatórios ou propositivos,"Realizar enquetes e pesquisas de opinião, de forma a levantar prioridades, problemas a resolver ou propostas que possam contribuir para melhoria da escola ou da comunidade, caracterizar demanda/necessidade, documentando-a de diferentes maneiras por meio de diferentes procedimentos, gêneros e mídias e, quando for o caso, selecionar informações e dados relevantes de fontes pertinentes diversas (sites, impressos, vídeos etc.), avaliando a qualidade e a utilidade dessas fontes, que possam servir de contextualização e fundamentação de propostas, de forma a justificar a proposição de propostas, projetos culturais e ações de intervenção.","BRASIL. Base Nacional Comum Curricular (2018), p. 182–183; BNCC_EI_EF_110518_versaofinal_site.pdf, páginas do PDF 184–185"
679f0b89-452d-5ea0-a821-4f01572185f4,EF89LP22,EF_AF,8;9,Língua Portuguesa,CAMPO DE ATUAÇÃO NA VIDA PÚBLICA,Escuta Apreender o sentido geral dos textos Apreciação e réplica Produção/Proposta,"Compreender e comparar as diferentes posições e interesses em jogo em uma discussão ou apresentação de propostas, avaliando a validade e força dos argumentos e as consequências do que está sendo proposto e, quando for o caso, formular e negociar propostas de diferentes naturezas relativas a interesses coletivos envolvendo a escola ou comunidade escolar.","BRASIL. Base Nacional Comum Curricular (2018), p. 184–185; BNCC_EI_EF_110518_versaofinal_site.pdf, páginas do PDF 186–187"
ec893741-6953-5858-9895-d748ea335418,EF89LP23,EF_AF,8;9,Língua Portuguesa,CAMPO DE ATUAÇÃO NA VIDA PÚBLICA,Movimentos argumentativos e força dos argumentos,"Analisar, em textos argumentativos, reivindicatórios e propositivos, os movimentos argumentativos utilizados (sustentação, refutação e negociação), avaliando a força dos argumentos utilizados.","BRASIL. Base Nacional Comum Curricular (2018), p. 184–185; BNCC_EI_EF_110518_versaofinal_site.pdf, páginas do PDF 186–187"
7c90ab3f-3e39-5e90-9d64-f8dcdbf3df13,EF89LP24,EF_AF,8;9,Língua Portuguesa,CAMPO DAS PRÁTICAS DE ESTUDO E PESQUISA,Curadoria de informação,"Realizar pesquisa, estabelecendo o recorte das questões, usando fontes abertas e confiáveis.","BRASIL. Base Nacional Comum Curricular (2018), p. 184–185; BNCC_EI_EF_110518_versaofinal_site.pdf, páginas do PDF 186–187"
5a9ec1a4-849c-5496-8725-9e1d6b6a5119,EF89LP25,EF_AF,8;9,Língua Portuguesa,CAMPO DAS PRÁTICAS DE ESTUDO E PESQUISA,"Estratégias de escrita: textualização, revisão e edição","Divulgar o resultado de pesquisas por meio de apresentações orais, verbetes de enciclopédias colaborativas, reportagens de divulgação científica, vlogs científicos, vídeos de diferentes tipos etc.","BRASIL. Base Nacional Comum Curricular (2018), p. 184–185; BNCC_EI_EF_110518_versaofinal_site.pdf, páginas do PDF 186–187"
0916f7f6-9238-51fc-b6a3-8ff5d6e79f4b,EF89LP26,EF_AF,8;9,Língua Portuguesa,CAMPO DAS PRÁTICAS DE ESTUDO E PESQUISA,"Estratégias de escrita: textualização, revisão e edição","Produzir resenhas, a partir das notas e/ou esquemas feitos, com o manejo adequado das vozes envolvidas (do resenhador, do autor da obra e, se for o caso, também dos autores citados na obra resenhada), por meio do uso de paráfrases, marcas do discurso reportado e citações.","BRASIL. Base Nacional Comum Curricular (2018), p. 184–185; BNCC_EI_EF_110518_versaofinal_site.pdf, páginas do PDF 186–187"
1e5400fe-a111-543f-bb80-0381b4195dce,EF89LP27,EF_AF,8;9,Língua Portuguesa,CAMPO DAS PRÁTICAS DE ESTUDO E PESQUISA,Conversação espontânea,"Tecer considerações e formular problematizações pertinentes, em momentos oportunos, em situações de aulas, apresentação oral, seminário etc.","BRASIL. Base Nacional Comum Curricular (2018), p. 184–185; BNCC_EI_EF_110518_versaofinal_site.pdf, páginas do PDF 186–187"
c6176d4e-3e07-5392-9a60-33ddd98ac765,EF89LP28,EF_AF,8;9,Língua Portuguesa,CAMPO DAS PRÁTICAS DE ESTUDO E PESQUISA,Procedimentos de apoio à compreensão Tomada de nota,"Tomar nota de videoaulas, aulas digitais, apresentações multimídias, vídeos de divulgação científica, documentários e afins, identificando, em função dos objetivos, informações principais para apoio ao estudo e realizando, quando necessário, uma síntese final que destaque e reorganize os pontos ou conceitos centrais e suas relações e que, em alguns casos, seja acompanhada de reflexões pessoais, que podem conter dúvidas, questionamentos, considerações etc.","BRASIL. Base Nacional Comum Curricular (2018), p. 184–185; BNCC_EI_EF_110518_versaofinal_site.pdf, páginas do PDF 186–187"
cfa35762-251f-5b70-ab9d-5806c0a6bf86,EF89LP29,EF_AF,8;9,Língua Portuguesa,CAMPO DAS PRÁTICAS DE ESTUDO E PESQUISA,Textualização Progressão temática,"Utilizar e perceber mecanismos de progressão temática, tais como retomadas anafóricas (“que, cujo, onde”, pronomes do caso reto e oblíquos, pronomes demonstrativos, nomes correferentes etc.), catáforas (remetendo para adiante ao invés de retomar o já dito), uso de organizadores textuais, de coesivos etc., e analisar os mecanismos de reformulação e paráfrase utilizados nos textos de divulgação do conhecimento.","BRASIL. Base Nacional Comum Curricular (2018), p. 184–185; BNCC_EI_EF_110518_versaofinal_site.pdf, páginas do PDF 186–187"
a75ad929-0cc3-504e-baf7-81d532f97daf,EF89LP30,EF_AF,8;9,Língua Portuguesa,CAMPO DAS PRÁTICAS DE ESTUDO E PESQUISA,Textualização,Analisar a estrutura de hipertexto e hiperlinks em textos de divulgação científica que circulam na Web e proceder à remissão a conceitos e relações por meio de links.,"BRASIL. Base Nacional Comum Curricular (2018), p. 184–185; BNCC_EI_EF_110518_versaofinal_site.pdf, páginas do PDF 186–187"
10fb9d96-9a05-53a0-b66c-d6e9d37ec810,EF89LP31,EF_AF,8;9,Língua Portuguesa,CAMPO DAS PRÁTICAS DE ESTUDO E PESQUISA,Modalização,"Analisar e utilizar modalização epistêmica, isto é, modos de indicar uma avaliação sobre o valor de verdade e as condições de verdade de uma proposição, tais como os asseverativos – quando se concorda com (“realmente, evidentemente, naturalmente, efetivamente, claro, certo, lógico, sem dúvida” etc.) ou discorda de (“de jeito nenhum, de forma alguma”) uma ideia; e os quase-asseverativos, que indicam que se considera o conteúdo como quase certo (“talvez, assim, possivelmente, provavelmente, eventualmente”).","BRASIL. Base Nacional Comum Curricular (2018), p. 184–185; BNCC_EI_EF_110518_versaofinal_site.pdf, páginas do PDF 186–187"
536893fc-1374-5151-a6f3-57871be09223,EF89LP32,EF_AF,8;9,Língua Portuguesa,CAMPO ARTÍSTICO-LITERÁRIO,Relação entre textos,"Analisar os efeitos de sentido decorrentes do uso de mecanismos de intertextualidade (referências, alusões, retomadas) entre os textos literários, entre esses textos literários e outras manifestações artísticas (cinema, teatro, artes visuais e midiáticas, música), quanto aos temas, personagens, estilos, autores etc., e entre o texto original e paródias, paráfrases, pastiches, trailer honesto, vídeos-minuto, vidding, dentre outros.","BRASIL. Base Nacional Comum Curricular (2018), p. 186–187; BNCC_EI_EF_110518_versaofinal_site.pdf, páginas do PDF 188–189"
f03a9976-2192-5489-98aa-83ac7c77c6c1,EF89LP37,EF_AF,8;9,Língua Portuguesa,TODOS OS CAMPOS DE ATUAÇÃO,Figuras de linguagem,"Analisar os efeitos de sentido do uso de figuras de linguagem como ironia, eufemismo, antítese, aliteração, assonância, dentre outras.","BRASIL. Base Nacional Comum Curricular (2018), p. 190–191; BNCC_EI_EF_110518_versaofinal_site.pdf, páginas do PDF 192–193"
89b374c8-1228-50ff-8585-0cfca2131818,EM13CHS101,EM,1;2;3,Ciências Humanas e Sociais Aplicadas,,,"Identificar, analisar e comparar diferentes fontes e narrativas expressas em diversas linguagens, com vistas à compreensão de ideias filosóficas e de processos e eventos históricos, geográficos, políticos, econômicos, sociais, ambientais e culturais.","BRASIL. Base Nacional Comum Curricular (2018), p. 572; BNCC_EI_EF_110518_versaofinal_site.pdf, páginas do PDF 574"
69fdea50-6302-5755-90da-aaa3f0c6c9b9,EM13CHS102,EM,1;2;3,Ciências Humanas e Sociais Aplicadas,,,"Identificar, analisar e discutir as circunstâncias históricas, geográficas, políticas, econômicas, sociais, ambientais e culturais de matrizes conceituais (etnocentrismo, racismo, evolução, modernidade, cooperativismo/desenvolvimento etc.), avaliando criticamente seu significado histórico e comparando-as a narrativas que contemplem outros agentes e discursos.","BRASIL. Base Nacional Comum Curricular (2018), p. 572; BNCC_EI_EF_110518_versaofinal_site.pdf, páginas do PDF 574"
d15b50f0-2955-5f42-97b2-3659b6fac4bd,EM13CHS103,EM,1;2;3,Ciências Humanas e Sociais Aplicadas,,,"Elaborar hipóteses, selecionar evidências e compor argumentos relativos a processos políticos, econômicos, sociais, ambientais, culturais e epistemológicos, com base na sistematização de dados e informações de diversas naturezas (expressões artísticas, textos filosóficos e sociológicos, documentos históricos e geográficos, gráficos, mapas, tabelas, tradições orais, entre outros).","BRASIL. Base Nacional Comum Curricular (2018), p. 572; BNCC_EI_EF_110518_versaofinal_site.pdf, páginas do PDF 574"
f52f27af-3455-514e-8420-6a216c230cd0,EM13CHS104,EM,1;2;3,Ciências Humanas e Sociais Aplicadas,,,"Analisar objetos e vestígios da cultura material e imaterial de modo a identificar conhecimentos, valores, crenças e práticas que caracterizam a identidade e a diversidade cultural de diferentes sociedades inseridas no tempo e no espaço.","BRASIL. Base Nacional Comum Curricular (2018), p. 572; BNCC_EI_EF_110518_versaofinal_site.pdf, páginas do PDF 574"
8a3153ea-a7f4-5f01-b457-1ee6c674957e,EM13CHS105,EM,1;2;3,Ciências Humanas e Sociais Aplicadas,,,"Identificar, contextualizar e criticar tipologias evolutivas (populações nômades e sedentárias, entre outras) e oposições dicotômicas (cidade/campo, cultura/ natureza, civilizados/bárbaros, razão/emoção, material/virtual etc.), explicitando suas ambiguidades.","BRASIL. Base Nacional Comum Curricular (2018), p. 572; BNCC_EI_EF_110518_versaofinal_site.pdf, páginas do PDF 574"
2d971a51-f6e6-583f-9622-8f8db202095a,EM13CHS106,EM,1;2;3,Ciências Humanas e Sociais Aplicadas,,,"Utilizar as linguagens cartográfica, gráfica e iconográfica, diferentes gêneros textuais e tecnologias digitais de informação e comunicação de forma crítica, significativa, reflexiva e ética nas diversas práticas sociais, incluindo as escolares, para se comunicar, acessar e difundir informações, produzir conhecimentos, resolver problemas e exercer protagonismo e autoria na vida pessoal e coletiva.","BRASIL. Base Nacional Comum Curricular (2018), p. 572; BNCC_EI_EF_110518_versaofinal_site.pdf, páginas do PDF 574"
d4970e5b-ed55-5f6d-920c-78fd6c620f67,EM13CHS201,EM,1;2;3,Ciências Humanas e Sociais Aplicadas,,,"Analisar e caracterizar as dinâmicas das populações, das mercadorias e do capital nos diversos continentes, com destaque para a mobilidade e a fixação de pessoas, grupos humanos e povos, em função de eventos naturais, políticos, econômicos, sociais, religiosos e culturais, de modo a compreender e posicionar-se criticamente em relação a esses processos e às possíveis relações entre eles.","BRASIL. Base Nacional Comum Curricular (2018), p. 573; BNCC_EI_EF_110518_versaofinal_site.pdf, páginas do PDF 575"
25021edc-2fcb-5538-a3c4-e7034ff7d87e,EM13CHS202,EM,1;2;3,Ciências Humanas e Sociais Aplicadas,,,"Analisar e avaliar os impactos das tecnologias na estruturação e nas dinâmicas de grupos, povos e sociedades contemporâneos (fluxos populacionais, financeiros, de mercadorias, de informações, de valores éticos e culturais etc.), bem como suas interferências nas decisões políticas, sociais, ambientais, econômicas e culturais.","BRASIL. Base Nacional Comum Curricular (2018), p. 573; BNCC_EI_EF_110518_versaofinal_site.pdf, páginas do PDF 575"
2051f0b3-7b22-5ea3-9628-cbd53ddaacf2,EM13CHS203,EM,1;2;3,Ciências Humanas e Sociais Aplicadas,,,"Comparar os significados de território, fronteiras e vazio (espacial, temporal e cultural) em diferentes sociedades, contextualizando e relativizando visões dualistas (civilização/barbárie, nomadismo/sedentarismo, esclarecimento/obscurantismo, cidade/campo, entre outras).","BRASIL. Base Nacional Comum Curricular (2018), p. 573; BNCC_EI_EF_110518_versaofinal_site.pdf, páginas do PDF 575"
d0755a5b-0446-53d6-acbe-913aeea6470a,EM13CHS204,EM,1;2;3,Ciências Humanas e Sociais Aplicadas,,,"Comparar e avaliar os processos de ocupação do espaço e a formação de territórios, territorialidades e fronteiras, identificando o papel de diferentes agentes (como grupos sociais e culturais, impérios, Estados Nacionais e organismos internacionais) e considerando os conflitos populacionais (internos e externos), a diversidade étnico-cultural e as características socioeconômicas, políticas e tecnológicas.","BRASIL. Base Nacional Comum Curricular (2018), p. 573; BNCC_EI_EF_110518_versaofinal_site.pdf, páginas do PDF 575"
89cd7999-9a03-5321-9fb3-bcf19c2a7ee8,EM13CHS205,EM,1;2;3,Ciências Humanas e Sociais Aplicadas,,,"Analisar a produção de diferentes territorialidades em suas dimensões culturais, econômicas, ambientais, políticas e sociais, no Brasil e no mundo contemporâneo, com destaque para as culturas juvenis.","BRASIL. Base Nacional Comum Curricular (2018), p. 573; BNCC_EI_EF_110518_versaofinal_site.pdf, páginas do PDF 575"
9e6a7607-7612-5455-9c57-2b126c52e248,EM13CHS206,EM,1;2;3,Ciências Humanas e Sociais Aplicadas,,,"Analisar a ocupação humana e a produção do espaço em diferentes tempos, aplicando os princípios de localização, distribuição, ordem, extensão, conexão, arranjos, casualidade, entre outros que contribuem para o raciocínio geográfico.","BRASIL. Base Nacional Comum Curricular (2018), p. 573; BNCC_EI_EF_110518_versaofinal_site.pdf, páginas do PDF 575"
eb16bb97-7ef3-582a-b2af-84ccbba9bf29,EM13CHS301,EM,1;2;3,Ciências Humanas e Sociais Aplicadas,,,"Problematizar hábitos e práticas individuais e coletivos de produção, reaproveitamento e descarte de resíduos em metrópoles, áreas urbanas e rurais, e comunidades com diferentes características socioeconômicas, e elaborar e/ou selecionar propostas de ação que promovam a sustentabilidade socioambiental, o combate à poluição sistêmica e o consumo responsável.","BRASIL. Base Nacional Comum Curricular (2018), p. 575; BNCC_EI_EF_110518_versaofinal_site.pdf, páginas do PDF 577"
31dc20f8-a10d-5b38-b2db-7a9a7cd6b9b5,EM13CHS302,EM,1;2;3,Ciências Humanas e Sociais Aplicadas,,,"Analisar e avaliar criticamente os impactos econômicos e socioambientais de cadeias produtivas ligadas à exploração de recursos naturais e às atividades agropecuárias em diferentes ambientes e escalas de análise, considerando o modo de vida das populações locais – entre elas as indígenas, quilombolas e demais comunidades tradicionais –, suas práticas agroextrativistas e o compromisso com a sustentabilidade.","BRASIL. Base Nacional Comum Curricular (2018), p. 575; BNCC_EI_EF_110518_versaofinal_site.pdf, páginas do PDF 577"
c6a0d874-76f7-5b08-baf9-45b49b3d3cc7,EM13CHS303,EM,1;2;3,Ciências Humanas e Sociais Aplicadas,,,"Debater e avaliar o papel da indústria cultural e das culturas de massa no estímulo ao consumismo, seus impactos econômicos e socioambientais, com vistas à percepção crítica das necessidades criadas pelo consumo e à adoção de hábitos sustentáveis.","BRASIL. Base Nacional Comum Curricular (2018), p. 575; BNCC_EI_EF_110518_versaofinal_site.pdf, páginas do PDF 577"
3c675f8f-c629-5931-aa65-a3627f2ac3f8,EM13CHS304,EM,1;2;3,Ciências Humanas e Sociais Aplicadas,,,"Analisar os impactos socioambientais decorrentes de práticas de instituições governamentais, de empresas e de indivíduos, discutindo as origens dessas práticas, selecionando, incorporando e promovendo aquelas que favoreçam a consciência e a ética socioambiental e o consumo responsável.","BRASIL. Base Nacional Comum Curricular (2018), p. 575; BNCC_EI_EF_110518_versaofinal_site.pdf, páginas do PDF 577"
bf563399-e99a-565d-9192-fa24f396c016,EM13CHS305,EM,1;2;3,Ciências Humanas e Sociais Aplicadas,,,"Analisar e discutir o papel e as competências legais dos organismos nacionais e internacionais de regulação, controle e fiscalização ambiental e dos acordos internacionais para a promoção e a garantia de práticas ambientais sustentáveis.","BRASIL. Base Nacional Comum Curricular (2018), p. 575; BNCC_EI_EF_110518_versaofinal_site.pdf, páginas do PDF 577"
a58a056f-152f-5d33-acc8-d389825ebe7c,EM13CHS306,EM,1;2;3,Ciências Humanas e Sociais Aplicadas,,,"Contextualizar, comparar e avaliar os impactos de diferentes modelos socioeconômicos no uso dos recursos naturais e na promoção da sustentabilidade econômica e socioambiental do planeta (como a adoção dos sistemas da agrobiodiversidade e agroflorestal por diferentes comunidades, entre outros).","BRASIL. Base Nacional Comum Curricular (2018), p. 575; BNCC_EI_EF_110518_versaofinal_site.pdf, páginas do PDF 577"
ce2f7fb9-d369-5681-a82e-db15fc308185,EM13CHS401,EM,1;2;3,Ciências Humanas e Sociais Aplicadas,,,"Identificar e analisar as relações entre sujeitos, grupos, classes sociais e sociedades com culturas distintas diante das transformações técnicas, tecnológicas e informacionais e das novas formas de trabalho ao longo do tempo, em diferentes espaços (urbanos e rurais) e contextos.","BRASIL. Base Nacional Comum Curricular (2018), p. 576; BNCC_EI_EF_110518_versaofinal_site.pdf, páginas do PDF 578"
88a18500-52c0-5382-9c18-124b8d2a3681,EM13CHS402,EM,1;2;3,Ciências Humanas e Sociais Aplicadas,,,"Analisar e comparar indicadores de emprego, trabalho e renda em diferentes espaços, escalas e tempos, associando-os a processos de estratificação e desigualdade socioeconômica.","BRASIL. Base Nacional Comum Curricular (2018), p. 576; BNCC_EI_EF_110518_versaofinal_site.pdf, páginas do PDF 578"
5fafcbfa-9407-5eee-ba3f-9b50b2716c9b,EM13CHS403,EM,1;2;3,Ciências Humanas e Sociais Aplicadas,,,"Caracterizar e analisar os impactos das transformações tecnológicas nas relações sociais e de trabalho próprias da contemporaneidade, promovendo ações voltadas à superação das desigualdades sociais, da opressão e da violação dos Direitos Humanos.","BRASIL. Base Nacional Comum Curricular (2018), p. 576; BNCC_EI_EF_110518_versaofinal_site.pdf, páginas do PDF 578"
f4415033-5795-554e-abdd-6ff7e16d9f8a,EM13CHS404,EM,1;2;3,Ciências Humanas e Sociais Aplicadas,,,"Identificar e discutir os múltiplos aspectos do trabalho em diferentes circunstâncias e contextos históricos e/ou geográficos e seus efeitos sobre as gerações, em especial, os jovens, levando em consideração, na atualidade, as transformações técnicas, tecnológicas e informacionais.","BRASIL. Base Nacional Comum Curricular (2018), p. 576; BNCC_EI_EF_110518_versaofinal_site.pdf, páginas do PDF 578"
537e90b9-e473-56cd-b874-ae7a47738351,EM13CHS501,EM,1;2;3,Ciências Humanas e Sociais Aplicadas,,,"Analisar os fundamentos da ética em diferentes culturas, tempos e espaços, identificando processos que contribuem para a formação de sujeitos éticos que valorizem a liberdade, a cooperação, a autonomia, o empreendedorismo, a convivência democrática e a solidariedade.","BRASIL. Base Nacional Comum Curricular (2018), p. 577; BNCC_EI_EF_110518_versaofinal_site.pdf, páginas do PDF 579"
28aad646-9bf2-56c2-a537-fb1bf7335fff,EM13CHS502,EM,1;2;3,Ciências Humanas e Sociais Aplicadas,,,"Analisar situações da vida cotidiana, estilos de vida, valores, condutas etc., desnaturalizando e problematizando formas de desigualdade, preconceito, intolerância e discriminação, e identificar ações que promovam os Direitos Humanos, a solidariedade e o respeito às diferenças e às liberdades individuais.","BRASIL. Base Nacional Comum Curricular (2018), p. 577; BNCC_EI_EF_110518_versaofinal_site.pdf, páginas do PDF 579"
3303107f-0e13-5a78-ae15-286b6b05ccf6,EM13CHS503,EM,1;2;3,Ciências Humanas e Sociais Aplicadas,,,"Identificar diversas formas de violência (física, simbólica, psicológica etc.), suas principais vítimas, suas causas sociais, psicológicas e afetivas, seus significados e usos políticos, sociais e culturais, discutindo e avaliando mecanismos para combatê-las, com base em argumentos éticos.","BRASIL. Base Nacional Comum Curricular (2018), p. 577; BNCC_EI_EF_110518_versaofinal_site.pdf, páginas do PDF 579"
2e4944d4-2fbc-51de-aa76-2719e09f049f,EM13CHS504,EM,1;2;3,Ciências Humanas e Sociais Aplicadas,,,"Analisar e avaliar os impasses ético-políticos decorrentes das transformações culturais, sociais, históricas, científicas e tecnológicas no mundo contemporâneo e seus desdobramentos nas atitudes e nos valores de indivíduos, grupos sociais, sociedades e culturas.","BRASIL. Base Nacional Comum Curricular (2018), p. 577; BNCC_EI_EF_110518_versaofinal_site.pdf, páginas do PDF 579"
17b427aa-7a04-53b8-bffd-eda84a31fcbd,EM13CHS601,EM,1;2;3,Ciências Humanas e Sociais Aplicadas,,,"Identificar e analisar as demandas e os protagonismos políticos, sociais e culturais dos povos indígenas e das populações afrodescendentes (incluindo as quilombolas) no Brasil contemporâneo considerando a história das Américas e o contexto de exclusão e inclusão precária desses grupos na ordem social e econômica atual, promovendo ações para a redução das desigualdades étnico-raciais no país.","BRASIL. Base Nacional Comum Curricular (2018), p. 579; BNCC_EI_EF_110518_versaofinal_site.pdf, páginas do PDF 581"
3dbd437c-fc84-5174-8020-175e8b1a3e89,EM13CHS602,EM,1;2;3,Ciências Humanas e Sociais Aplicadas,,,"Identificar e caracterizar a presença do paternalismo, do autoritarismo e do populismo na política, na sociedade e nas culturas brasileira e latino-americana, em períodos ditatoriais e democráticos, relacionando-os com as formas de organização e de articulação das sociedades em defesa da autonomia, da liberdade, do diálogo e da promoção da democracia, da cidadania e dos direitos humanos na sociedade atual.","BRASIL. Base Nacional Comum Curricular (2018), p. 579; BNCC_EI_EF_110518_versaofinal_site.pdf, páginas do PDF 581"
ae27c42d-24d2-5167-81b4-6336055a0c35,EM13CHS603,EM,1;2;3,Ciências Humanas e Sociais Aplicadas,,,"Analisar a formação de diferentes países, povos e nações e de suas experiências políticas e de exercício da cidadania, aplicando conceitos políticos básicos (Estado, poder, formas, sistemas e regimes de governo, soberania etc.).","BRASIL. Base Nacional Comum Curricular (2018), p. 579; BNCC_EI_EF_110518_versaofinal_site.pdf, páginas do PDF 581"
bb10d003-abbb-5f91-90af-302d5ad8a324,EM13CHS604,EM,1;2;3,Ciências Humanas e Sociais Aplicadas,,,"Discutir o papel dos organismos internacionais no contexto mundial, com vistas à elaboração de uma visão crítica sobre seus limites e suas formas de atuação nos países, considerando os aspectos positivos e negativos dessa atuação para as populações locais.","BRASIL. Base Nacional Comum Curricular (2018), p. 579; BNCC_EI_EF_110518_versaofinal_site.pdf, páginas do PDF 581"
31121535-cd2c-5747-8008-3bdac394c4d4,EM13CHS605,EM,1;2;3,Ciências Humanas e Sociais Aplicadas,,,"Analisar os princípios da declaração dos Direitos Humanos, recorrendo às noções de justiça, igualdade e fraternidade, identificar os progressos e entraves à concretização desses direitos nas diversas sociedades contemporâneas e promover ações concretas diante da desigualdade e das violações desses direitos em diferentes espaços de vivência, respeitando a identidade de cada grupo e de cada indivíduo.","BRASIL. Base Nacional Comum Curricular (2018), p. 579; BNCC_EI_EF_110518_versaofinal_site.pdf, páginas do PDF 581"
ae54a36a-cbb2-5ea6-9db3-9aa350f93756,EM13CHS606,EM,1;2;3,Ciências Humanas e Sociais Aplicadas,,,"Analisar as características socioeconômicas da sociedade brasileira – com base na análise de documentos (dados, tabelas, mapas etc.) de diferentes fontes – e propor medidas para enfrentar os problemas identificados e construir uma sociedade mais próspera, justa e inclusiva, que valorize o protagonismo de seus cidadãos e promova o autoconhecimento, a autoestima, a autoconfiança e a empatia.","BRASIL. Base Nacional Comum Curricular (2018), p. 579; BNCC_EI_EF_110518_versaofinal_site.pdf, páginas do PDF 581"
37c6be8b-d392-5fbf-925c-882df7f332e2,EM13CNT101,EM,1;2;3,Ciências da Natureza e suas Tecnologias,,,"Analisar e representar, com ou sem o uso de dispositivos e de aplicativos digitais específicos, as transformações e conservações em sistemas que envolvam quantidade de matéria, de energia e de movimento para realizar previsões sobre seus comportamentos em situações cotidianas e em processos produtivos que priorizem o desenvolvimento sustentável, o uso consciente dos recursos naturais e a preservação da vida em todas as suas formas.","BRASIL. Base Nacional Comum Curricular (2018), p. 555; BNCC_EI_EF_110518_versaofinal_site.pdf, páginas do PDF 557"
4f561369-0a36-584a-b5d4-2bfa2252cca8,EM13CNT102,EM,1;2;3,Ciências da Natureza e suas Tecnologias,,,"Realizar previsões, avaliar intervenções e/ou construir protótipos de sistemas térmicos que visem à sustentabilidade, considerando sua composição e os efeitos das variáveis termodinâmicas sobre seu funcionamento, considerando também o uso de tecnologias digitais que auxiliem no cálculo de estimativas e no apoio à construção dos protótipos.","BRASIL. Base Nacional Comum Curricular (2018), p. 555; BNCC_EI_EF_110518_versaofinal_site.pdf, páginas do PDF 557"
3b0a3d12-aa77-5066-97d7-d86950881780,EM13CNT103,EM,1;2;3,Ciências da Natureza e suas Tecnologias,,,"Utilizar o conhecimento sobre as radiações e suas origens para avaliar as potencialidades e os riscos de sua aplicação em equipamentos de uso cotidiano, na saúde, no ambiente, na indústria, na agricultura e na geração de energia elétrica.","BRASIL. Base Nacional Comum Curricular (2018), p. 555; BNCC_EI_EF_110518_versaofinal_site.pdf, páginas do PDF 557"
008effb3-ce5e-5267-ab98-397d62e2cba0,EM13CNT104,EM,1;2;3,Ciências da Natureza e suas Tecnologias,,,"Avaliar os benefícios e os riscos à saúde e ao ambiente, considerando a composição, a toxicidade e a reatividade de diferentes materiais e produtos, como também o nível de exposição a eles, posicionando-se criticamente e propondo soluções individuais e/ou coletivas para seus usos e descartes responsáveis.","BRASIL. Base Nacional Comum Curricular (2018), p. 555; BNCC_EI_EF_110518_versaofinal_site.pdf, páginas do PDF 557"
60070ce9-c2ff-5d76-9968-59666439412f,EM13CNT105,EM,1;2;3,Ciências da Natureza e suas Tecnologias,,,"Analisar os ciclos biogeoquímicos e interpretar os efeitos de fenômenos naturais e da interferência humana sobre esses ciclos, para promover ações individuais e/ ou coletivas que minimizem consequências nocivas à vida.","BRASIL. Base Nacional Comum Curricular (2018), p. 555; BNCC_EI_EF_110518_versaofinal_site.pdf, páginas do PDF 557"
343e5fce-0655-557d-8897-9887debd49fe,EM13CNT106,EM,1;2;3,Ciências da Natureza e suas Tecnologias,,,"Avaliar, com ou sem o uso de dispositivos e aplicativos digitais, tecnologias e possíveis soluções para as demandas que envolvem a geração, o transporte, a distribuição e o consumo de energia elétrica, considerando a disponibilidade de recursos, a eficiência energética, a relação custo/benefício, as características geográficas e ambientais, a produção de resíduos e os impactos socioambientais e culturais.","BRASIL. Base Nacional Comum Curricular (2018), p. 555; BNCC_EI_EF_110518_versaofinal_site.pdf, páginas do PDF 557"
8da507bd-8478-5023-980b-631dc730adc3,EM13CNT107,EM,1;2;3,Ciências da Natureza e suas Tecnologias,,,"Realizar previsões qualitativas e quantitativas sobre o funcionamento de geradores, motores elétricos e seus componentes, bobinas, transformadores, pilhas, baterias e dispositivos eletrônicos, com base na análise dos processos de transformação e condução de energia envolvidos – com ou sem o uso de dispositivos e aplicativos digitais –, para propor ações que visem a sustentabilidade.","BRASIL. Base Nacional Comum Curricular (2018), p. 555; BNCC_EI_EF_110518_versaofinal_site.pdf, páginas do PDF 557"
b6397c75-27f9-5f2f-b368-4273948cffd1,EM13CNT201,EM,1;2;3,Ciências da Natureza e suas Tecnologias,,,"Analisar e discutir modelos, teorias e leis propostos em diferentes épocas e culturas para comparar distintas explicações sobre o surgimento e a evolução da Vida, da Terra e do Universo com as teorias científicas aceitas atualmente.","BRASIL. Base Nacional Comum Curricular (2018), p. 557; BNCC_EI_EF_110518_versaofinal_site.pdf, páginas do PDF 559"
c96ac869-95ad-5a3c-aa75-d0cbf64e020a,EM13CNT202,EM,1;2;3,Ciências da Natureza e suas Tecnologias,,,"Analisar as diversas formas de manifestação da vida em seus diferentes níveis de organização, bem como as condições ambientais favoráveis e os fatores limitantes a elas, com ou sem o uso de dispositivos e aplicativos digitais (como softwares de simulação e de realidade virtual, entre outros).","BRASIL. Base Nacional Comum Curricular (2018), p. 557; BNCC_EI_EF_110518_versaofinal_site.pdf, páginas do PDF 559"
702a7510-3a4a-5249-8ad9-55730f078a41,EM13CNT203,EM,1;2;3,Ciências da Natureza e suas Tecnologias,,,"Avaliar e prever efeitos de intervenções nos ecossistemas, e seus impactos nos seres vivos e no corpo humano, com base nos mecanismos de manutenção da vida, nos ciclos da matéria e nas transformações e transferências de energia, utilizando representações e simulações sobre tais fatores, com ou sem o uso de dispositivos e aplicativos digitais (como softwares de simulação e de realidade virtual, entre outros).","BRASIL. Base Nacional Comum Curricular (2018), p. 557; BNCC_EI_EF_110518_versaofinal_site.pdf, páginas do PDF 559"
f8970ef2-3179-5a17-92f2-f71c63782827,EM13CNT205,EM,1;2;3,Ciências da Natureza e suas Tecnologias,,,"Interpretar resultados e realizar previsões sobre atividades experimentais, fenômenos naturais e processos tecnológicos, com base nas noções de probabilidade e incerteza, reconhecendo os limites explicativos das ciências.","BRASIL. Base Nacional Comum Curricular (2018), p. 557; BNCC_EI_EF_110518_versaofinal_site.pdf, páginas do PDF 559"
dbc5764f-76f3-53d6-a904-990869100d5e,EM13CNT206,EM,1;2;3,Ciências da Natureza e suas Tecnologias,,,"Discutir a importância da preservação e conservação da biodiversidade, considerando parâmetros qualitativos e quantitativos, e avaliar os efeitos da ação humana e das políticas ambientais para a garantia da sustentabilidade do planeta.","BRASIL. Base Nacional Comum Curricular (2018), p. 557; BNCC_EI_EF_110518_versaofinal_site.pdf, páginas do PDF 559"
f35cab53-e533-5ca4-9eef-0466b6eca3e3,EM13CNT207,EM,1;2;3,Ciências da Natureza e suas Tecnologias,,,"Identificar, analisar e discutir vulnerabilidades vinculadas às vivências e aos desafios contemporâneos aos quais as juventudes estão expostas, considerando os aspectos físico, psicoemocional e social, a fim de desenvolver e divulgar ações de prevenção e de promoção da saúde e do bem-estar.","BRASIL. Base Nacional Comum Curricular (2018), p. 557; BNCC_EI_EF_110518_versaofinal_site.pdf, páginas do PDF 559"
f91876f5-2f46-5aac-98ac-b4277ade09c0,EM13CNT208,EM,1;2;3,Ciências da Natureza e suas Tecnologias,,,"Aplicar os princípios da evolução biológica para analisar a história humana, considerando sua origem, diversificação, dispersão pelo planeta e diferentes formas de interação com a natureza, valorizando e respeitando a diversidade étnica e cultural humana.","BRASIL. Base Nacional Comum Curricular (2018), p. 557; BNCC_EI_EF_110518_versaofinal_site.pdf, páginas do PDF 559"
3656761d-fbb9-5f25-a2dc-a6d403df9465,EM13CNT301,EM,1;2;3,Ciências da Natureza e suas Tecnologias,,,"Construir questões, elaborar hipóteses, previsões e estimativas, empregar instrumentos de medição e representar e interpretar modelos explicativos, dados e/ou resultados experimentais para construir, avaliar e justificar conclusões no enfrentamento de situações-problema sob uma perspectiva científica.","BRASIL. Base Nacional Comum Curricular (2018), p. 559; BNCC_EI_EF_110518_versaofinal_site.pdf, páginas do PDF 561"
824c28a8-3285-5599-b2bf-4ba5d676b331,EM13CNT302,EM,1;2;3,Ciências da Natureza e suas Tecnologias,,,"Comunicar, para públicos variados, em diversos contextos, resultados de análises, pesquisas e/ou experimentos, elaborando e/ou interpretando textos, gráficos, tabelas, símbolos, códigos, sistemas de classificação e equações, por meio de diferentes linguagens, mídias, tecnologias digitais de informação e comunicação (TDIC), de modo a participar e/ou promover debates em torno de temas científicos e/ou tecnológicos de relevância sociocultural e ambiental.","BRASIL. Base Nacional Comum Curricular (2018), p. 559; BNCC_EI_EF_110518_versaofinal_site.pdf, páginas do PDF 561"
4ab2fbbd-3921-5d9a-9992-5d13285cc4e3,EM13CNT303,EM,1;2;3,Ciências da Natureza e suas Tecnologias,,,"Interpretar textos de divulgação científica que tratem de temáticas das Ciências da Natureza, disponíveis em diferentes mídias, considerando a apresentação dos dados, tanto na forma de textos como em equações, gráficos e/ou tabelas, a consistência dos argumentos e a coerência das conclusões, visando construir estratégias de seleção de fontes confiáveis de informações.","BRASIL. Base Nacional Comum Curricular (2018), p. 559; BNCC_EI_EF_110518_versaofinal_site.pdf, páginas do PDF 561"
9e48cd65-b535-5aa0-a67b-0f96e05e69b7,EM13CNT304,EM,1;2;3,Ciências da Natureza e suas Tecnologias,,,"Analisar e debater situações controversas sobre a aplicação de conhecimentos da área de Ciências da Natureza (tais como tecnologias do DNA, tratamentos com células-tronco, neurotecnologias, produção de tecnologias de defesa, estratégias de controle de pragas, entre outros), com base em argumentos consistentes, legais, éticos e responsáveis, distinguindo diferentes pontos de vista.","BRASIL. Base Nacional Comum Curricular (2018), p. 559; BNCC_EI_EF_110518_versaofinal_site.pdf, páginas do PDF 561"
cd2b0f52-2907-53c9-a7a3-6a6c43f2ba5c,EM13CNT305,EM,1;2;3,Ciências da Natureza e suas Tecnologias,,,"Investigar e discutir o uso indevido de conhecimentos das Ciências da Natureza na justificativa de processos de discriminação, segregação e privação de direitos individuais e coletivos, em diferentes contextos sociais e históricos, para promover a equidade e o respeito à diversidade.","BRASIL. Base Nacional Comum Curricular (2018), p. 559; BNCC_EI_EF_110518_versaofinal_site.pdf, páginas do PDF 561"
7f8e6ee1-5d1d-56e5-9b15-d3570d9abd54,EM13CNT306,EM,1;2;3,Ciências da Natureza e suas Tecnologias,,,"Avaliar os riscos envolvidos em atividades cotidianas, aplicando conhecimentos das Ciências da Natureza, para justificar o uso de equipamentos e recursos, bem como comportamentos de segurança, visando à integridade física, individual e coletiva, e socioambiental, podendo fazer uso de dispositivos e aplicativos digitais que viabilizem a estruturação de simulações de tais riscos.","BRASIL. Base Nacional Comum Curricular (2018), p. 559; BNCC_EI_EF_110518_versaofinal_site.pdf, páginas do PDF 561"
7c8f68c4-8ed9-5f05-bda6-a043cc16532e,EM13CNT307,EM,1;2;3,Ciências da Natureza e suas Tecnologias,,,"Analisar as propriedades dos materiais para avaliar a adequação de seu uso em diferentes aplicações (industriais, cotidianas, arquitetônicas ou tecnológicas) e/ ou propor soluções seguras e sustentáveis considerando seu contexto local e cotidiano.","BRASIL. Base Nacional Comum Curricular (2018), p. 559; BNCC_EI_EF_110518_versaofinal_site.pdf, páginas do PDF 561"
61952e3d-a026-584b-b51c-e395310989ab,EM13CNT308,EM,1;2;3,Ciências da Natureza e suas Tecnologias,,,"Investigar e analisar o funcionamento de equipamentos elétricos e/ou eletrônicos e sistemas de automação para compreender as tecnologias contemporâneas e avaliar seus impactos sociais, culturais e ambientais.","BRASIL. Base Nacional Comum Curricular (2018), p. 560; BNCC_EI_EF_110518_versaofinal_site.pdf, páginas do PDF 562"
5cd05a81-ae14-578d-9861-68cc9e686049,EM13CNT309,EM,1;2;3,Ciências da Natureza e suas Tecnologias,,,"Analisar questões socioambientais, políticas e econômicas relativas à dependência do mundo atual em relação aos recursos não renováveis e discutir a necessidade de introdução de alternativas e novas tecnologias energéticas e de materiais, comparando diferentes tipos de motores e processos de produção de novos materiais.","BRASIL. Base Nacional Comum Curricular (2018), p. 560; BNCC_EI_EF_110518_versaofinal_site.pdf, páginas do PDF 562"
50265966-81ac-5cf9-b929-d02680fd6051,EM13CNT310,EM,1;2;3,Ciências da Natureza e suas Tecnologias,,,"Investigar e analisar os efeitos de programas de infraestrutura e demais serviços básicos (saneamento, energia elétrica, transporte, telecomunicações, cobertura vacinal, atendimento primário à saúde e produção de alimentos, entre outros) e identificar necessidades locais e/ou regionais em relação a esses serviços, a fim de avaliar e/ou promover ações que contribuam para a melhoria na qualidade de vida e nas condições de saúde da população.","BRASIL. Base Nacional Comum Curricular (2018), p. 560; BNCC_EI_EF_110518_versaofinal_site.pdf, páginas do PDF 562"
37c67244-d2d5-5a73-85a4-1375b6339f35,EM13LGG101,EM,1;2;3,Linguagens e suas Tecnologias,,,"Compreender e analisar processos de produção e circulação de discursos, nas diferentes linguagens, para fazer escolhas fundamentadas em função de interesses pessoais e coletivos.","BRASIL. Base Nacional Comum Curricular (2018), p. 491; BNCC_EI_EF_110518_versaofinal_site.pdf, páginas do PDF 493"
feef2ec3-e13b-560f-bbd8-076e28b6d4d3,EM13LGG102,EM,1;2;3,Linguagens e suas Tecnologias,,,"Analisar visões de mundo, conflitos de interesse, preconceitos e ideologias presentes nos discursos veiculados nas diferentes mídias, ampliando suas possibilidades de explicação, interpretação e intervenção crítica da/na realidade.","BRASIL. Base Nacional Comum Curricular (2018), p. 491; BNCC_EI_EF_110518_versaofinal_site.pdf, páginas do PDF 493"
b2ad990f-03f0-5703-a07d-228783b82aba,EM13LGG103,EM,1;2;3,Linguagens e suas Tecnologias,,,"Analisar o funcionamento das linguagens, para interpretar e produzir criticamente discursos em textos de diversas semioses (visuais, verbais, sonoras, gestuais).","BRASIL. Base Nacional Comum Curricular (2018), p. 491; BNCC_EI_EF_110518_versaofinal_site.pdf, páginas do PDF 493"
94bc3bca-a76d-51e6-963b-477b5e6aa18b,EM13LGG104,EM,1;2;3,Linguagens e suas Tecnologias,,,"Utilizar as diferentes linguagens, levando em conta seus funcionamentos, para a compreensão e produção de textos e discursos em diversos campos de atuação social.","BRASIL. Base Nacional Comum Curricular (2018), p. 491; BNCC_EI_EF_110518_versaofinal_site.pdf, páginas do PDF 493"
9ab67020-b8d5-5b9d-b324-58588507756e,EM13LGG105,EM,1;2;3,Linguagens e suas Tecnologias,,,"Analisar e experimentar diversos processos de remidiação de produções multissemióticas, multimídia e transmídia, desenvolvendo diferentes modos de participação e intervenção social.","BRASIL. Base Nacional Comum Curricular (2018), p. 491; BNCC_EI_EF_110518_versaofinal_site.pdf, páginas do PDF 493"
e21fa1dc-62bf-5f94-9481-d7aee5e8d89a,EM13LGG201,EM,1;2;3,Linguagens e suas Tecnologias,,,"Utilizar as diversas linguagens (artísticas, corporais e verbais) em diferentes contextos, valorizando-as como fenômeno social, cultural, histórico, variável, heterogêneo e sensível aos contextos de uso.","BRASIL. Base Nacional Comum Curricular (2018), p. 492; BNCC_EI_EF_110518_versaofinal_site.pdf, páginas do PDF 494"
ba114d44-3a2f-5a50-8538-38e833d88fda,EM13LGG202,EM,1;2;3,Linguagens e suas Tecnologias,,,"Analisar interesses, relações de poder e perspectivas de mundo nos discursos das diversas práticas de linguagem (artísticas, corporais e verbais), compreendendo criticamente o modo como circulam, constituem-se e (re)produzem significação e ideologias.","BRASIL. Base Nacional Comum Curricular (2018), p. 492; BNCC_EI_EF_110518_versaofinal_site.pdf, páginas do PDF 494"
d9b23af6-d37c-50df-acfd-b5aebdcbdc3e,EM13LGG203,EM,1;2;3,Linguagens e suas Tecnologias,,,"Analisar os diálogos e os processos de disputa por legitimidade nas práticas de linguagem e em suas produções (artísticas, corporais e verbais).","BRASIL. Base Nacional Comum Curricular (2018), p. 492; BNCC_EI_EF_110518_versaofinal_site.pdf, páginas do PDF 494"
9804fbed-461d-5416-84d3-edab95768770,EM13LGG204,EM,1;2;3,Linguagens e suas Tecnologias,,,"Dialogar e produzir entendimento mútuo, nas diversas linguagens (artísticas, corporais e verbais), com vistas ao interesse comum pautado em princípios e valores de equidade assentados na democracia e nos Direitos Humanos.","BRASIL. Base Nacional Comum Curricular (2018), p. 492; BNCC_EI_EF_110518_versaofinal_site.pdf, páginas do PDF 494"
8f134061-2aad-50c7-bbf7-76459cfa198d,EM13LGG301,EM,1;2;3,Linguagens e suas Tecnologias,,,"Participar de processos de produção individual e colaborativa em diferentes linguagens (artísticas, corporais e verbais), levando em conta suas formas e seus funcionamentos, para produzir sentidos em diferentes contextos.","BRASIL. Base Nacional Comum Curricular (2018), p. 493; BNCC_EI_EF_110518_versaofinal_site.pdf, páginas do PDF 495"
1ffb374e-88fa-5e2c-9e1e-8c7f7ef292b6,EM13LGG302,EM,1;2;3,Linguagens e suas Tecnologias,,,"Posicionar-se criticamente diante de diversas visões de mundo presentes nos discursos em diferentes linguagens, levando em conta seus contextos de produção e de circulação.","BRASIL. Base Nacional Comum Curricular (2018), p. 493; BNCC_EI_EF_110518_versaofinal_site.pdf, páginas do PDF 495"
d23bc657-1987-5740-b27f-11ab9ac5ab01,EM13LGG303,EM,1;2;3,Linguagens e suas Tecnologias,,,"Debater questões polêmicas de relevância social, analisando diferentes argumentos e opiniões, para formular, negociar e sustentar posições, frente à análise de perspectivas distintas.","BRASIL. Base Nacional Comum Curricular (2018), p. 493; BNCC_EI_EF_110518_versaofinal_site.pdf, páginas do PDF 495"
9ec75db5-6865-512e-8f66-e6b4fb42f75c,EM13LGG304,EM,1;2;3,Linguagens e suas Tecnologias,,,"Formular propostas, intervir e tomar decisões que levem em conta o bem comum e os Direitos Humanos, a consciência socioambiental e o consumo responsável em âmbito local, regional e global.","BRASIL. Base Nacional Comum Curricular (2018), p. 493; BNCC_EI_EF_110518_versaofinal_site.pdf, páginas do PDF 495"
4cf23e3c-f418-51d4-8567-e5ae4df4a250,EM13LGG305,EM,1;2;3,Linguagens e suas Tecnologias,,,"Mapear e criar, por meio de práticas de linguagem, possibilidades de atuação social, política, artística e cultural para enfrentar desafios contemporâneos, discutindo princípios e objetivos dessa atuação de maneira crítica, criativa, solidária e ética.","BRASIL. Base Nacional Comum Curricular (2018), p. 493; BNCC_EI_EF_110518_versaofinal_site.pdf, páginas do PDF 495"
94d63251-28c1-56d8-8b0f-9df2db2e9b9d,EM13LGG401,EM,1;2;3,Linguagens e suas Tecnologias,,,"Analisar criticamente textos de modo a compreender e caracterizar as línguas como fenômeno (geo)político, histórico, social, cultural, variável, heterogêneo e sensível aos contextos de uso.","BRASIL. Base Nacional Comum Curricular (2018), p. 494; BNCC_EI_EF_110518_versaofinal_site.pdf, páginas do PDF 496"
28ef499f-6f43-590f-8eff-2d8f7725d866,EM13LGG402,EM,1;2;3,Linguagens e suas Tecnologias,,,"Empregar, nas interações sociais, a variedade e o estilo de língua adequados à situação comunicativa, ao(s) interlocutor(es) e ao gênero do discurso, respeitando os usos das línguas por esse(s) interlocutor(es) e sem preconceito linguístico.","BRASIL. Base Nacional Comum Curricular (2018), p. 494; BNCC_EI_EF_110518_versaofinal_site.pdf, páginas do PDF 496"
91e34c09-fdb2-5185-ba45-e5e42af001c8,EM13LGG403,EM,1;2;3,Linguagens e suas Tecnologias,,,"Fazer uso do inglês como língua de comunicação global, levando em conta a multiplicidade e variedade de usos, usuários e funções dessa língua no mundo contemporâneo.","BRASIL. Base Nacional Comum Curricular (2018), p. 494; BNCC_EI_EF_110518_versaofinal_site.pdf, páginas do PDF 496"
6e07e425-2249-5441-b38c-1a344fdbd874,EM13LGG502,EM,1;2;3,Linguagens e suas Tecnologias,,,"Analisar criticamente preconceitos, estereótipos e relações de poder presentes nas práticas corporais, adotando posicionamento contrário a qualquer manifestação de injustiça e desrespeito a direitos humanos e valores democráticos.","BRASIL. Base Nacional Comum Curricular (2018), p. 495; BNCC_EI_EF_110518_versaofinal_site.pdf, páginas do PDF 497"
52c85aee-a5b0-5c06-a83d-9820e10c4c57,EM13LGG601,EM,1;2;3,Linguagens e suas Tecnologias,,,"Apropriar-se do patrimônio artístico de diferentes tempos e lugares, compreendendo a sua diversidade, bem como os processos de legitimação das manifestações artísticas na sociedade, desenvolvendo visão crítica e histórica.","BRASIL. Base Nacional Comum Curricular (2018), p. 496; BNCC_EI_EF_110518_versaofinal_site.pdf, páginas do PDF 498"
d3e36364-be66-5b00-b6d1-ade8b5afb8cf,EM13LGG602,EM,1;2;3,Linguagens e suas Tecnologias,,,"Fruir e apreciar esteticamente diversas manifestações artísticas e culturais, das locais às mundiais, assim como delas participar, de modo a aguçar continuamente a sensibilidade, a imaginação e a criatividade.","BRASIL. Base Nacional Comum Curricular (2018), p. 496; BNCC_EI_EF_110518_versaofinal_site.pdf, páginas do PDF 498"
6a8785e8-d008-55e9-925e-2a1b15d57b0b,EM13LGG603,EM,1;2;3,Linguagens e suas Tecnologias,,,"Expressar-se e atuar em processos de criação autorais individuais e coletivos nas diferentes linguagens artísticas (artes visuais, audiovisual, dança, música e teatro) e nas intersecções entre elas, recorrendo a referências estéticas e culturais, conhecimentos de naturezas diversas (artísticos, históricos, sociais e políticos) e experiências individuais e coletivas.","BRASIL. Base Nacional Comum Curricular (2018), p. 496; BNCC_EI_EF_110518_versaofinal_site.pdf, páginas do PDF 498"
bcd0a23c-baed-5c8b-80b8-8391c4c0b778,EM13LGG604,EM,1;2;3,Linguagens e suas Tecnologias,,,"Relacionar as práticas artísticas às diferentes dimensões da vida social, cultural, política e econômica e identificar o processo de construção histórica dessas práticas.","BRASIL. Base Nacional Comum Curricular (2018), p. 496; BNCC_EI_EF_110518_versaofinal_site.pdf, páginas do PDF 498"
81d414ad-9022-598c-bffe-6515ce8f98ed,EM13LGG701,EM,1;2;3,Linguagens e suas Tecnologias,,,"Explorar tecnologias digitais da informação e comunicação (TDIC), compreendendo seus princípios e funcionalidades, e utilizá-las de modo ético, criativo, responsável e adequado a práticas de linguagem em diferentes contextos.","BRASIL. Base Nacional Comum Curricular (2018), p. 497; BNCC_EI_EF_110518_versaofinal_site.pdf, páginas do PDF 499"
bb9d6694-0d92-5cfe-9186-a4fef01af7c3,EM13LGG702,EM,1;2;3,Linguagens e suas Tecnologias,,,"Avaliar o impacto das tecnologias digitais da informação e comunicação (TDIC) na formação do sujeito e em suas práticas sociais, para fazer uso crítico dessa mídia em práticas de seleção, compreensão e produção de discursos em ambiente digital.","BRASIL. Base Nacional Comum Curricular (2018), p. 497; BNCC_EI_EF_110518_versaofinal_site.pdf, páginas do PDF 499"
11e5ebca-0889-5ff0-a2ec-ccfab8bcc9d9,EM13LGG703,EM,1;2;3,Linguagens e suas Tecnologias,,,"Utilizar diferentes linguagens, mídias e ferramentas digitais em processos de produção coletiva, colaborativa e projetos autorais em ambientes digitais.","BRASIL. Base Nacional Comum Curricular (2018), p. 497; BNCC_EI_EF_110518_versaofinal_site.pdf, páginas do PDF 499"
e6331b92-d734-57c9-9a1c-e12de2066a05,EM13LGG704,EM,1;2;3,Linguagens e suas Tecnologias,,,"Apropriar-se criticamente de processos de pesquisa e busca de informação, por meio de ferramentas e dos novos formatos de produção e distribuição do conhecimento na cultura de rede.","BRASIL. Base Nacional Comum Curricular (2018), p. 497; BNCC_EI_EF_110518_versaofinal_site.pdf, páginas do PDF 499"
9a559ffc-f378-5222-85c5-a1e4fc17dd20,EM13LP01,EM,1;2;3,Língua Portuguesa,TODOS OS CAMPOS DE ATUAÇÃO SOCIAL,,"Relacionar o texto, tanto na produção como na leitura/ escuta, com suas condições de produção e seu contexto sócio-histórico de circulação (leitor/audiência previstos, objetivos, pontos de vista e perspectivas, papel social do autor, época, gênero do discurso etc.), de forma a ampliar as possibilidades de construção de sentidos e de análise crítica e produzir textos adequados a diferentes situações.","BRASIL. Base Nacional Comum Curricular (2018), p. 506; BNCC_EI_EF_110518_versaofinal_site.pdf, páginas do PDF 508"
add979c1-93cb-515f-8528-3736472359b0,EM13LP02,EM,1;2;3,Língua Portuguesa,TODOS OS CAMPOS DE ATUAÇÃO SOCIAL,,"Estabelecer relações entre as partes do texto, tanto na produção como na leitura/escuta, considerando a construção composicional e o estilo do gênero, usando/reconhecendo adequadamente elementos e recursos coesivos diversos que contribuam para a coerência, a continuidade do texto e sua progressão temática, e organizando informações, tendo em vista as condições de produção e as relações lógico-discursivas envolvidas (causa/efeito ou consequência; tese/argumentos; problema/solução; definição/exemplos etc.).","BRASIL. Base Nacional Comum Curricular (2018), p. 506; BNCC_EI_EF_110518_versaofinal_site.pdf, páginas do PDF 508"
1f347a81-0be1-579c-90ab-ce1d53b86b41,EM13LP03,EM,1;2;3,Língua Portuguesa,TODOS OS CAMPOS DE ATUAÇÃO SOCIAL,,"Analisar relações de intertextualidade e interdiscursividade que permitam a explicitação de relações dialógicas, a identificação de posicionamentos ou de perspectivas, a compreensão de paráfrases, paródias e estilizações, entre outras possibilidades.","BRASIL. Base Nacional Comum Curricular (2018), p. 506; BNCC_EI_EF_110518_versaofinal_site.pdf, páginas do PDF 508"
6c4668c8-1f3e-5ac7-a95c-2e0a837cc10a,EM13LP04,EM,1;2;3,Língua Portuguesa,TODOS OS CAMPOS DE ATUAÇÃO SOCIAL,,"Estabelecer relações de interdiscursividade e intertextualidade para explicitar, sustentar e conferir consistência a posicionamentos e para construir e corroborar explicações e relatos, fazendo uso de citações e paráfrases devidamente marcadas.","BRASIL. Base Nacional Comum Curricular (2018), p. 506; BNCC_EI_EF_110518_versaofinal_site.pdf, páginas do PDF 508"
177ea2f5-0804-5061-8dcd-0427a9829f8a,EM13LP05,EM,1;2;3,Língua Portuguesa,TODOS OS CAMPOS DE ATUAÇÃO SOCIAL,,"Analisar, em textos argumentativos, os posicionamentos assumidos, os movimentos argumentativos (sustentação, refutação/ contra-argumentação e negociação) e os argumentos utilizados para sustentá-los, para avaliar sua força e eficácia, e posicionar-se criticamente diante da questão discutida e/ou dos argumentos utilizados, recorrendo aos mecanismos linguísticos necessários.","BRASIL. Base Nacional Comum Curricular (2018), p. 507; BNCC_EI_EF_110518_versaofinal_site.pdf, páginas do PDF 509"
d869e5cd-7b0e-533b-a8f3-e48b57ca8eac,EM13LP06,EM,1;2;3,Língua Portuguesa,TODOS OS CAMPOS DE ATUAÇÃO SOCIAL,,"Analisar efeitos de sentido decorrentes de usos expressivos da linguagem, da escolha de determinadas palavras ou expressões e da ordenação, combinação e contraposição de palavras, dentre outros, para ampliar as possibilidades de construção de sentidos e de uso crítico da língua.","BRASIL. Base Nacional Comum Curricular (2018), p. 507; BNCC_EI_EF_110518_versaofinal_site.pdf, páginas do PDF 509"
82bb3eed-a4df-57bd-a669-23f0662c868f,EM13LP07,EM,1;2;3,Língua Portuguesa,TODOS OS CAMPOS DE ATUAÇÃO SOCIAL,,"Analisar, em textos de diferentes gêneros, marcas que expressam a posição do enunciador frente àquilo que é dito: uso de diferentes modalidades (epistêmica, deôntica e apreciativa) e de diferentes recursos gramaticais que operam como modalizadores (verbos modais, tempos e modos verbais, expressões modais, adjetivos, locuções ou orações adjetivas, advérbios, locuções ou orações adverbiais, entonação etc.), uso de estratégias de impessoalização (uso de terceira pessoa e de voz passiva etc.), com vistas ao incremento da compreensão e da criticidade e ao manejo adequado desses elementos nos textos produzidos, considerando os contextos de produção.","BRASIL. Base Nacional Comum Curricular (2018), p. 507; BNCC_EI_EF_110518_versaofinal_site.pdf, páginas do PDF 509"
41f41585-df93-5ac1-b51d-b4fabf5a749c,EM13LP08,EM,1;2;3,Língua Portuguesa,TODOS OS CAMPOS DE ATUAÇÃO SOCIAL,,"Analisar elementos e aspectos da sintaxe do português, como a ordem dos constituintes da sentença (e os efeito que causam sua inversão), a estrutura dos sintagmas, as categorias sintáticas, os processos de coordenação e subordinação (e os efeitos de seus usos) e a sintaxe de concordância e de regência, de modo a potencializar os processos de compreensão e produção de textos e a possibilitar escolhas adequadas à situação comunicativa.","BRASIL. Base Nacional Comum Curricular (2018), p. 507; BNCC_EI_EF_110518_versaofinal_site.pdf, páginas do PDF 509"
a4620c1c-2e7f-52e4-a34e-7707c470ee69,EM13LP09,EM,1;2;3,Língua Portuguesa,TODOS OS CAMPOS DE ATUAÇÃO SOCIAL,,"Comparar o tratamento dado pela gramática tradicional e pelas gramáticas de uso contemporâneas em relação a diferentes tópicos gramaticais, de forma a perceber as diferenças de abordagem e o fenômeno da variação linguística e analisar motivações que levam ao predomínio do ensino da norma-padrão na escola.","BRASIL. Base Nacional Comum Curricular (2018), p. 507; BNCC_EI_EF_110518_versaofinal_site.pdf, páginas do PDF 509"
5aa634fa-b4f9-587f-8cec-127b63d409b5,EM13LP10,EM,1;2;3,Língua Portuguesa,TODOS OS CAMPOS DE ATUAÇÃO SOCIAL,,"Analisar o fenômeno da variação linguística, em seus diferentes níveis (variações fonético-fonológica, lexical, sintática, semântica e estilístico-pragmática) e em suas diferentes dimensões (regional, histórica, social, situacional, ocupacional, etária etc.), de forma a ampliar a compreensão sobre a natureza viva e dinâmica da língua e sobre o fenômeno da constituição de variedades linguísticas de prestígio e estigmatizadas, e a fundamentar o respeito às variedades linguísticas e o combate a preconceitos linguísticos.","BRASIL. Base Nacional Comum Curricular (2018), p. 508; BNCC_EI_EF_110518_versaofinal_site.pdf, páginas do PDF 510"
63560f55-4e2e-5cb0-876e-05df881e53ec,EM13LP11,EM,1;2;3,Língua Portuguesa,TODOS OS CAMPOS DE ATUAÇÃO SOCIAL,,"Fazer curadoria de informação, tendo em vista diferentes propósitos e projetos discursivos.","BRASIL. Base Nacional Comum Curricular (2018), p. 508; BNCC_EI_EF_110518_versaofinal_site.pdf, páginas do PDF 510"
153482ab-8a31-5a1c-8d1b-5e42d9a0d44c,EM13LP12,EM,1;2;3,Língua Portuguesa,TODOS OS CAMPOS DE ATUAÇÃO SOCIAL,,"Selecionar informações, dados e argumentos em fontes confiáveis, impressas e digitais, e utilizá-los de forma referenciada, para que o texto a ser produzido tenha um nível de aprofundamento adequado (para além do senso comum) e contemple a sustentação das posições defendidas.","BRASIL. Base Nacional Comum Curricular (2018), p. 508; BNCC_EI_EF_110518_versaofinal_site.pdf, páginas do PDF 510"
aa846eb7-7382-5331-a555-09ae66cac7b6,EM13LP13,EM,1;2;3,Língua Portuguesa,TODOS OS CAMPOS DE ATUAÇÃO SOCIAL,,"Analisar, a partir de referências contextuais, estéticas e culturais, efeitos de sentido decorrentes de escolhas de elementos sonoros (volume, timbre, intensidade, pausas, ritmo, efeitos sonoros, sincronização etc.) e de suas relações com o verbal, levando-os em conta na produção de áudios, para ampliar as possibilidades de construção de sentidos e de apreciação.","BRASIL. Base Nacional Comum Curricular (2018), p. 508; BNCC_EI_EF_110518_versaofinal_site.pdf, páginas do PDF 510"
febaeff7-2f76-511e-a851-0eca7bff3cb4,EM13LP14,EM,1;2;3,Língua Portuguesa,TODOS OS CAMPOS DE ATUAÇÃO SOCIAL,,"Analisar, a partir de referências contextuais, estéticas e culturais, efeitos de sentido decorrentes de escolhas e composição das imagens (enquadramento, ângulo/vetor, foco/profundidade de campo, iluminação, cor, linhas, formas etc.) e de sua sequenciação (disposição e transição, movimentos de câmera, remix, entre outros), das performances (movimentos do corpo, gestos, ocupação do espaço cênico), dos elementos sonoros (entonação, trilha sonora, sampleamento etc.) e das relações desses elementos com o verbal, levando em conta esses efeitos nas produções de imagens e vídeos, para ampliar as possibilidades de construção de sentidos e de apreciação.","BRASIL. Base Nacional Comum Curricular (2018), p. 508; BNCC_EI_EF_110518_versaofinal_site.pdf, páginas do PDF 510"
ca43ccdc-e38d-5210-9516-6410b80884d7,EM13LP15,EM,1;2;3,Língua Portuguesa,TODOS OS CAMPOS DE ATUAÇÃO SOCIAL,,"Planejar, produzir, revisar, editar, reescrever e avaliar textos escritos e multissemióticos, considerando sua adequação às condições de produção do texto, no que diz respeito ao lugar social a ser assumido e à imagem que se pretende passar a respeito de si mesmo, ao leitor pretendido, ao veículo e mídia em que o texto ou produção cultural vai circular, ao contexto imediato e sócio-histórico mais geral, ao gênero textual em questão e suas regularidades, à variedade linguística apropriada a esse contexto e ao uso do conhecimento dos aspectos notacionais (ortografia padrão, pontuação adequada, mecanismos de concordância nominal e verbal, regência verbal etc.), sempre que o contexto o exigir.","BRASIL. Base Nacional Comum Curricular (2018), p. 509; BNCC_EI_EF_110518_versaofinal_site.pdf, páginas do PDF 511"
1712281b-b8a8-5328-b19c-d534f417d983,EM13LP16,EM,1;2;3,Língua Portuguesa,TODOS OS CAMPOS DE ATUAÇÃO SOCIAL,,"Produzir e analisar textos orais, considerando sua adequação aos contextos de produção, à forma composicional e ao estilo do gênero em questão, à clareza, à progressão temática e à variedade linguística empregada, como também aos elementos relacionados à fala (modulação de voz, entonação, ritmo, altura e intensidade, respiração etc.) e à cinestesia (postura corporal, movimentos e gestualidade significativa, expressão facial, contato de olho com plateia etc.).","BRASIL. Base Nacional Comum Curricular (2018), p. 509; BNCC_EI_EF_110518_versaofinal_site.pdf, páginas do PDF 511"
7687e6ae-2f63-5599-bcfe-9434c75cc576,EM13LP17,EM,1;2;3,Língua Portuguesa,TODOS OS CAMPOS DE ATUAÇÃO SOCIAL,,"Elaborar roteiros para a produção de vídeos variados (vlog, videoclipe, videominuto, documentário etc.), apresentações teatrais, narrativas multimídia e transmídia, podcasts, playlists comentadas etc., para ampliar as possibilidades de produção de sentidos e engajar-se em práticas autorais e coletivas.","BRASIL. Base Nacional Comum Curricular (2018), p. 509; BNCC_EI_EF_110518_versaofinal_site.pdf, páginas do PDF 511"
78d48bee-46a1-535a-a382-b66fcfb491b0,EM13LP18,EM,1;2;3,Língua Portuguesa,TODOS OS CAMPOS DE ATUAÇÃO SOCIAL,,"Utilizar softwares de edição de textos, fotos, vídeos e áudio, além de ferramentas e ambientes colaborativos para criar textos e produções multissemióticas com finalidades diversas, explorando os recursos e efeitos disponíveis e apropriando-se de práticas colaborativas de escrita, de construção coletiva do conhecimento e de desenvolvimento de projetos.","BRASIL. Base Nacional Comum Curricular (2018), p. 509; BNCC_EI_EF_110518_versaofinal_site.pdf, páginas do PDF 511"
675a94ec-4e09-535c-a5a1-a6d6e362c727,EM13LP20,EM,1;2;3,Língua Portuguesa,CAMPO DA VIDA PESSOAL,,"Compartilhar gostos, interesses, práticas culturais, temas/ problemas/questões que despertam maior interesse ou preocupação, respeitando e valorizando diferenças, como forma de identificar afinidades e interesses comuns, como também de organizar e/ou participar de grupos, clubes, oficinas e afins.","BRASIL. Base Nacional Comum Curricular (2018), p. 511; BNCC_EI_EF_110518_versaofinal_site.pdf, páginas do PDF 513"
0ab1c589-ac4e-569c-9560-c426c9674d64,EM13LP21,EM,1;2;3,Língua Portuguesa,CAMPO DA VIDA PESSOAL,,"Produzir, de forma colaborativa, e socializar playlists comentadas de preferências culturais e de entretenimento, revistas culturais, fanzines, e-zines ou publicações afins que divulguem, comentem e avaliem músicas, games, séries, filmes, quadrinhos, livros, peças, exposições, espetáculos de dança etc., de forma a compartilhar gostos, identificar afinidades, fomentar comunidades etc.","BRASIL. Base Nacional Comum Curricular (2018), p. 511; BNCC_EI_EF_110518_versaofinal_site.pdf, páginas do PDF 513"
7d3113d6-8900-52f0-b91c-164c2812bb09,EM13LP22,EM,1;2;3,Língua Portuguesa,CAMPO DA VIDA PESSOAL,,"Construir e/ou atualizar, de forma colaborativa, registros dinâmicos (mapas, wiki etc.) de profissões e ocupações de seu interesse (áreas de atuação, dados sobre formação, fazeres, produções, depoimentos de profissionais etc.) que possibilitem vislumbrar trajetórias pessoais e profissionais.","BRASIL. Base Nacional Comum Curricular (2018), p. 511; BNCC_EI_EF_110518_versaofinal_site.pdf, páginas do PDF 513"
52cc18da-bd1f-539e-b7af-3cb487d1daec,EM13LP23,EM,1;2;3,Língua Portuguesa,CAMPO DE ATUAÇÃO NA VIDA PÚBLICA,,"Analisar criticamente o histórico e o discurso político de candidatos, propagandas políticas, políticas públicas, programas e propostas de governo, de forma a participar do debate político e tomar decisões conscientes e fundamentadas.","BRASIL. Base Nacional Comum Curricular (2018), p. 514; BNCC_EI_EF_110518_versaofinal_site.pdf, páginas do PDF 516"
b987f6e1-9b7f-5ac2-8be8-526ab7e2c23c,EM13LP24,EM,1;2;3,Língua Portuguesa,CAMPO DE ATUAÇÃO NA VIDA PÚBLICA,,"Analisar formas não institucionalizadas de participação social, sobretudo as vinculadas a manifestações artísticas, produções culturais, intervenções urbanas e formas de expressão típica das culturas juvenis que pretendam expor uma problemática ou promover uma reflexão/ação, posicionando-se em relação a essas produções e manifestações.","BRASIL. Base Nacional Comum Curricular (2018), p. 514; BNCC_EI_EF_110518_versaofinal_site.pdf, páginas do PDF 516"
83713325-938e-5fa0-a2f6-40a5250ead64,EM13LP25,EM,1;2;3,Língua Portuguesa,CAMPO DE ATUAÇÃO NA VIDA PÚBLICA,,"Participar de reuniões na escola (conselho de escola e de classe, grêmio livre etc.), agremiações, coletivos ou movimentos, entre outros, em debates, assembleias, fóruns de discussão etc., exercitando a escuta atenta, respeitando seu turno e tempo de fala, posicionando-se de forma fundamentada, respeitosa e ética diante da apresentação de propostas e defesas de opiniões, usando estratégias linguísticas típicas de negociação e de apoio e/ou de consideração do discurso do outro (como solicitar esclarecimento, detalhamento, fazer referência direta ou retomar a fala do outro, parafraseando-a para endossá-la, enfatizá-la, complementá-la ou enfraquecê-la), considerando propostas alternativas e reformulando seu posicionamento, quando for caso, com vistas ao entendimento e ao bem comum.","BRASIL. Base Nacional Comum Curricular (2018), p. 514; BNCC_EI_EF_110518_versaofinal_site.pdf, páginas do PDF 516"
097bfc15-08e6-5da6-b83e-cac67a1a1fac,EM13LP26,EM,1;2;3,Língua Portuguesa,CAMPO DE ATUAÇÃO NA VIDA PÚBLICA,,"Relacionar textos e documentos legais e normativos de âmbito universal, nacional, local ou escolar que envolvam a definição de direitos e deveres – em especial, os voltados a adolescentes e jovens – aos seus contextos de produção, identificando ou inferindo possíveis motivações e finalidades, como forma de ampliar a compreensão desses direitos e deveres.","BRASIL. Base Nacional Comum Curricular (2018), p. 514; BNCC_EI_EF_110518_versaofinal_site.pdf, páginas do PDF 516"
4cad9a2c-53f8-5504-a41b-4865e15be28f,EM13LP27,EM,1;2;3,Língua Portuguesa,CAMPO DE ATUAÇÃO NA VIDA PÚBLICA,,"Engajar-se na busca de solução para problemas que envolvam a coletividade, denunciando o desrespeito a direitos, organizando e/ou participando de discussões, campanhas e debates, produzindo textos reivindicatórios, normativos, entre outras possibilidades, como forma de fomentar os princípios democráticos e uma atuação pautada pela ética da responsabilidade, pelo consumo consciente e pela consciência socioambiental.","BRASIL. Base Nacional Comum Curricular (2018), p. 514; BNCC_EI_EF_110518_versaofinal_site.pdf, páginas do PDF 516"
19d58d49-f63f-587f-b2ea-4430bfd1ad93,EM13LP28,EM,1;2;3,Língua Portuguesa,CAMPO DAS PRÁTICAS DE ESTUDO E PESQUISA,,Organizar situações de estudo e utilizar procedimentos e estratégias de leitura adequados aos objetivos e à natureza do conhecimento em questão.,"BRASIL. Base Nacional Comum Curricular (2018), p. 517; BNCC_EI_EF_110518_versaofinal_site.pdf, páginas do PDF 519"
a7a7f8de-4438-53da-b48b-960050b1a587,EM13LP29,EM,1;2;3,Língua Portuguesa,CAMPO DAS PRÁTICAS DE ESTUDO E PESQUISA,,"Resumir e resenhar textos, por meio do uso de paráfrases, de marcas do discurso reportado e de citações, para uso em textos de divulgação de estudos e pesquisas.","BRASIL. Base Nacional Comum Curricular (2018), p. 517; BNCC_EI_EF_110518_versaofinal_site.pdf, páginas do PDF 519"
2b939768-9f73-5647-8709-952bfaf24228,EM13LP30,EM,1;2;3,Língua Portuguesa,CAMPO DAS PRÁTICAS DE ESTUDO E PESQUISA,,"Realizar pesquisas de diferentes tipos (bibliográfica, de campo, experimento científico, levantamento de dados etc.), usando fontes abertas e confiáveis, registrando o processo e comunicando os resultados, tendo em vista os objetivos pretendidos e demais elementos do contexto de produção, como forma de compreender como o conhecimento científico é produzido e apropriar-se dos procedimentos e dos gêneros textuais envolvidos na realização de pesquisas.","BRASIL. Base Nacional Comum Curricular (2018), p. 517; BNCC_EI_EF_110518_versaofinal_site.pdf, páginas do PDF 519"
d1bd489a-0775-5628-9e20-4decddd4a2c1,EM13LP31,EM,1;2;3,Língua Portuguesa,CAMPO DAS PRÁTICAS DE ESTUDO E PESQUISA,,"Compreender criticamente textos de divulgação científica orais, escritos e multissemióticos de diferentes áreas do conhecimento, identificando sua organização tópica e a hierarquização das informações, identificando e descartando fontes não confiáveis e problematizando enfoques tendenciosos ou superficiais.","BRASIL. Base Nacional Comum Curricular (2018), p. 517; BNCC_EI_EF_110518_versaofinal_site.pdf, páginas do PDF 519"
af45e106-e910-5412-8831-6676f1c9ce65,EM13LP32,EM,1;2;3,Língua Portuguesa,CAMPO DAS PRÁTICAS DE ESTUDO E PESQUISA,,"Selecionar informações e dados necessários para uma dada pesquisa (sem excedê-los) em diferentes fontes (orais, impressas, digitais etc.) e comparar autonomamente esses conteúdos, levando em conta seus contextos de produção, referências e índices de confiabilidade, e percebendo coincidências, complementaridades, contradições, erros ou imprecisões conceituais e de dados, de forma a compreender e posicionar-se criticamente sobre esses conteúdos e estabelecer recortes precisos.","BRASIL. Base Nacional Comum Curricular (2018), p. 517; BNCC_EI_EF_110518_versaofinal_site.pdf, páginas do PDF 519"
988647a3-aef3-5099-95bb-3b28ca7cb9c4,EM13LP33,EM,1;2;3,Língua Portuguesa,CAMPO DAS PRÁTICAS DE ESTUDO E PESQUISA,,"Selecionar, elaborar e utilizar instrumentos de coleta de dados e informações (questionários, enquetes, mapeamentos, opinários) e de tratamento e análise dos conteúdos obtidos, que atendam adequadamente a diferentes objetivos de pesquisa.","BRASIL. Base Nacional Comum Curricular (2018), p. 518; BNCC_EI_EF_110518_versaofinal_site.pdf, páginas do PDF 520"
5e94ff5c-4ea4-59a9-b804-962c11233c40,EM13LP34,EM,1;2;3,Língua Portuguesa,CAMPO DAS PRÁTICAS DE ESTUDO E PESQUISA,,"Produzir textos para a divulgação do conhecimento e de resultados de levantamentos e pesquisas – texto monográfico, ensaio, artigo de divulgação científica, verbete de enciclopédia (colaborativa ou não), infográfico (estático ou animado), relato de experimento, relatório, relatório multimidiático de campo, reportagem científica, podcast ou vlog científico, apresentações orais, seminários, comunicações em mesas redondas, mapas dinâmicos etc. –, considerando o contexto de produção e utilizando os conhecimentos sobre os gêneros de divulgação científica, de forma a engajar-se em processos significativos de socialização e divulgação do conhecimento.","BRASIL. Base Nacional Comum Curricular (2018), p. 518; BNCC_EI_EF_110518_versaofinal_site.pdf, páginas do PDF 520"
841df783-3b91-53dd-a440-cf9a8b72e25d,EM13LP35,EM,1;2;3,Língua Portuguesa,CAMPO DAS PRÁTICAS DE ESTUDO E PESQUISA,,"Utilizar adequadamente ferramentas de apoio a apresentações orais, escolhendo e usando tipos e tamanhos de fontes que permitam boa visualização, topicalizando e/ou organizando o conteúdo em itens, inserindo de forma adequada imagens, gráficos, tabelas, formas e elementos gráficos, dimensionando a quantidade de texto e imagem por slide e usando, de forma harmônica, recursos (efeitos de transição, slides mestres, layouts personalizados, gravação de áudios em slides etc.).","BRASIL. Base Nacional Comum Curricular (2018), p. 518; BNCC_EI_EF_110518_versaofinal_site.pdf, páginas do PDF 520"
9fdef670-93ca-50d8-b913-bd2b86191649,EM13LP36,EM,1;2;3,Língua Portuguesa,CAMPO JORNALÍSTICO-MIDIÁTICO,,"Analisar os interesses que movem o campo jornalístico, os impactos das novas tecnologias digitais de informação e comunicação e da Web 2.0 no campo e as condições que fazem da informação uma mercadoria e da checagem de informação uma prática (e um serviço) essencial, adotando atitude analítica e crítica diante dos textos jornalísticos.","BRASIL. Base Nacional Comum Curricular (2018), p. 521; BNCC_EI_EF_110518_versaofinal_site.pdf, páginas do PDF 523"
57842828-fb7f-5545-bfe2-45a882449ca2,EM13LP37,EM,1;2;3,Língua Portuguesa,CAMPO JORNALÍSTICO-MIDIÁTICO,,"Conhecer e analisar diferentes projetos editorias – institucionais, privados, públicos, financiados, independentes etc. –, de forma a ampliar o repertório de escolhas possíveis de fontes de informação e opinião, reconhecendo o papel da mídia plural para a consolidação da democracia.","BRASIL. Base Nacional Comum Curricular (2018), p. 521; BNCC_EI_EF_110518_versaofinal_site.pdf, páginas do PDF 523"
f362e557-a36a-5d4c-83ae-a843bac54cd6,EM13LP38,EM,1;2;3,Língua Portuguesa,CAMPO JORNALÍSTICO-MIDIÁTICO,,"Analisar os diferentes graus de parcialidade/imparcialidade (no limite, a não neutralidade) em textos noticiosos, comparando relatos de diferentes fontes e analisando o recorte feito de fatos/dados e os efeitos de sentido provocados pelas escolhas realizadas pelo autor do texto, de forma a manter uma atitude crítica diante dos textos jornalísticos e tornar-se consciente das escolhas feitas como produtor.","BRASIL. Base Nacional Comum Curricular (2018), p. 521; BNCC_EI_EF_110518_versaofinal_site.pdf, páginas do PDF 523"
a42de3e7-751d-598d-a817-0fb3c720e509,EM13LP39,EM,1;2;3,Língua Portuguesa,CAMPO JORNALÍSTICO-MIDIÁTICO,,"Usar procedimentos de checagem de fatos noticiados e fotos publicadas (verificar/avaliar veículo, fonte, data e local da publicação, autoria, URL, formatação; comparar diferentes fontes; consultar ferramentas e sites checadores etc.), de forma a combater a proliferação de notícias falsas (fake news).","BRASIL. Base Nacional Comum Curricular (2018), p. 521; BNCC_EI_EF_110518_versaofinal_site.pdf, páginas do PDF 523"
f9b16191-de13-59a7-a030-fcb1c7caf2a7,EM13LP40,EM,1;2;3,Língua Portuguesa,CAMPO JORNALÍSTICO-MIDIÁTICO,,"Analisar o fenômeno da pós-verdade – discutindo as condições e os mecanismos de disseminação de fake news e também exemplos, causas e consequências desse fenômeno e da prevalência de crenças e opiniões sobre fatos –, de forma a adotar atitude crítica em relação ao fenômeno e desenvolver uma postura flexível que permita rever crenças e opiniões quando fatos apurados as contradisserem.","BRASIL. Base Nacional Comum Curricular (2018), p. 521; BNCC_EI_EF_110518_versaofinal_site.pdf, páginas do PDF 523"
0c42f664-6424-5fab-b87d-44788e4d6080,EM13LP41,EM,1;2;3,Língua Portuguesa,CAMPO JORNALÍSTICO-MIDIÁTICO,,"Analisar os processos humanos e automáticos de curadoria que operam nas redes sociais e outros domínios da internet, comparando os feeds de diferentes páginas de redes sociais e discutindo os efeitos desses modelos de curadoria, de forma a ampliar as possibilidades de trato com o diferente e minimizar o efeito bolha e a manipulação de terceiros.","BRASIL. Base Nacional Comum Curricular (2018), p. 521; BNCC_EI_EF_110518_versaofinal_site.pdf, páginas do PDF 523"
238f2eb8-d350-5a45-a2ea-93d5e1d62157,EM13LP42,EM,1;2;3,Língua Portuguesa,CAMPO JORNALÍSTICO-MIDIÁTICO,,"Acompanhar, analisar e discutir a cobertura da mídia diante de acontecimentos e questões de relevância social, local e global, comparando diferentes enfoques e perspectivas, por meio do uso de ferramentas de curadoria (como agregadores de conteúdo) e da consulta a serviços e fontes de checagem e curadoria de informação, de forma a aprofundar o entendimento sobre um determinado fato ou questão, identificar o enfoque preponderante da mídia e manter-se implicado, de forma crítica, com os fatos e as questões que afetam a coletividade.","BRASIL. Base Nacional Comum Curricular (2018), p. 522; BNCC_EI_EF_110518_versaofinal_site.pdf, páginas do PDF 524"
41c174ff-0a4c-5acf-a743-f7a4931d9098,EM13LP43,EM,1;2;3,Língua Portuguesa,CAMPO JORNALÍSTICO-MIDIÁTICO,,"Atuar de forma fundamentada, ética e crítica na produção e no compartilhamento de comentários, textos noticiosos e de opinião, memes, gifs, remixes variados etc. em redes sociais ou outros ambientes digitais.","BRASIL. Base Nacional Comum Curricular (2018), p. 522; BNCC_EI_EF_110518_versaofinal_site.pdf, páginas do PDF 524"
92d45466-f158-5214-8297-bf0e14e78d6f,EM13LP44,EM,1;2;3,Língua Portuguesa,CAMPO JORNALÍSTICO-MIDIÁTICO,,"Analisar formas contemporâneas de publicidade em contexto digital (advergame, anúncios em vídeos, social advertising, unboxing, narrativa mercadológica, entre outras), e peças de campanhas publicitárias e políticas (cartazes, folhetos, anúncios, propagandas em diferentes mídias, spots, jingles etc.), identificando valores e representações de situações, grupos e configurações sociais veiculadas, desconstruindo estereótipos, destacando estratégias de engajamento e viralização e explicando os mecanismos de persuasão utilizados e os efeitos de sentido provocados pelas escolhas feitas em termos de elementos e recursos linguístico-discursivos, imagéticos, sonoros, gestuais e espaciais, entre outros.","BRASIL. Base Nacional Comum Curricular (2018), p. 522; BNCC_EI_EF_110518_versaofinal_site.pdf, páginas do PDF 524"
dd8d6b34-4b0f-5beb-a063-4db0eed7323e,EM13LP45,EM,1;2;3,Língua Portuguesa,CAMPO JORNALÍSTICO-MIDIÁTICO,,"Analisar, discutir, produzir e socializar, tendo em vista temas e acontecimentos de interesse local ou global, notícias, fotodenúncias, fotorreportagens, reportagens multimidiáticas, documentários, infográficos, podcasts noticiosos, artigos de opinião, críticas da mídia, vlogs de opinião, textos de apresentação e apreciação de produções culturais (resenhas, ensaios etc.) e outros gêneros próprios das formas de expressão das culturas juvenis (vlogs e podcasts culturais, gameplay etc.), em várias mídias, vivenciando de forma significativa o papel de repórter, analista, crítico, editorialista ou articulista, leitor, vlogueiro e booktuber, entre outros.","BRASIL. Base Nacional Comum Curricular (2018), p. 522; BNCC_EI_EF_110518_versaofinal_site.pdf, páginas do PDF 524"
76ac4f85-e57e-5d68-9bbf-f8dce6d9a54e,EM13LP46,EM,1;2;3,Língua Portuguesa,CAMPO ARTÍSTICO-LITERÁRIO,,"Compartilhar sentidos construídos na leitura/escuta de textos literários, percebendo diferenças e eventuais tensões entre as formas pessoais e as coletivas de apreensão desses textos, para exercitar o diálogo cultural e aguçar a perspectiva crítica.","BRASIL. Base Nacional Comum Curricular (2018), p. 525; BNCC_EI_EF_110518_versaofinal_site.pdf, páginas do PDF 527"
7114f867-bc50-5622-b62e-5211d8d8bae7,EM13LP49,EM,1;2;3,Língua Portuguesa,CAMPO ARTÍSTICO-LITERÁRIO,,"Perceber as peculiaridades estruturais e estilísticas de diferentes gêneros literários (a apreensão pessoal do cotidiano nas crônicas, a manifestação livre e subjetiva do eu lírico diante do mundo nos poemas, a múltipla perspectiva da vida humana e social dos romances, a dimensão política e social de textos da literatura marginal e da periferia etc.) para experimentar os diferentes ângulos de apreensão do indivíduo e do mundo pela literatura.","BRASIL. Base Nacional Comum Curricular (2018), p. 525; BNCC_EI_EF_110518_versaofinal_site.pdf, páginas do PDF 527"
d6a66082-5826-5a71-b1f1-630fbc94c8f5,EM13LP52,EM,1;2;3,Língua Portuguesa,CAMPO ARTÍSTICO-LITERÁRIO,,"Analisar obras significativas das literaturas brasileiras e de outros países e povos, em especial a portuguesa, a indígena, a africana e a latino-americana, com base em ferramentas da crítica literária (estrutura da composição, estilo, aspectos discursivos) ou outros critérios relacionados a diferentes matrizes culturais, considerando o contexto de produção (visões de mundo, diálogos com outros textos, inserções em movimentos estéticos e culturais etc.) e o modo como dialogam com o presente.","BRASIL. Base Nacional Comum Curricular (2018), p. 526; BNCC_EI_EF_110518_versaofinal_site.pdf, páginas do PDF 528"
ade1518f-002f-56b0-9f51-23286451cc5b,EM13LP53,EM,1;2;3,Língua Portuguesa,CAMPO ARTÍSTICO-LITERÁRIO,,"Produzir apresentações e comentários apreciativos e críticos sobre livros, filmes, discos, canções, espetáculos de teatro e dança, exposições etc. (resenhas, vlogs e podcasts literários e artísticos, playlists comentadas, fanzines, e-zines etc.).","BRASIL. Base Nacional Comum Curricular (2018), p. 526; BNCC_EI_EF_110518_versaofinal_site.pdf, páginas do PDF 528"
ce8f3509-a2be-5ab7-92a4-a8b6390ae385,EM13MAT101,EM,1;2;3,Matemática e suas Tecnologias,,,"Interpretar criticamente situações econômicas, sociais e fatos relativos às Ciências da Natureza que envolvam a variação de grandezas, pela análise dos gráficos das funções representadas e das taxas de variação, com ou sem apoio de tecnologias digitais.","BRASIL. Base Nacional Comum Curricular (2018), p. 533; BNCC_EI_EF_110518_versaofinal_site.pdf, páginas do PDF 535"
da339999-82ce-559f-b823-6c9c8a1f29df,EM13MAT102,EM,1;2;3,Matemática e suas Tecnologias,,,"Analisar tabelas, gráficos e amostras de pesquisas estatísticas apresentadas em relatórios divulgados por diferentes meios de comunicação, identificando, quando for o caso, inadequações que possam induzir a erros de interpretação, como escalas e amostras não apropriadas.","BRASIL. Base Nacional Comum Curricular (2018), p. 533; BNCC_EI_EF_110518_versaofinal_site.pdf, páginas do PDF 535"
3b716b90-72c9-544f-a74b-561000a6ff38,EM13MAT103,EM,1;2;3,Matemática e suas Tecnologias,,,"Interpretar e compreender textos científicos ou divulgados pelas mídias, que empregam unidades de medida de diferentes grandezas e as conversões possíveis entre elas, adotadas ou não pelo Sistema Internacional (SI), como as de armazenamento e velocidade de transferência de dados, ligadas aos avanços tecnológicos.","BRASIL. Base Nacional Comum Curricular (2018), p. 533; BNCC_EI_EF_110518_versaofinal_site.pdf, páginas do PDF 535"
976979a3-c50d-5c17-b310-3fcdcd0c7b73,EM13MAT104,EM,1;2;3,Matemática e suas Tecnologias,,,"Interpretar taxas e índices de natureza socioeconômica (índice de desenvolvimento humano, taxas de inflação, entre outros), investigando os processos de cálculo desses números, para analisar criticamente a realidade e produzir argumentos.","BRASIL. Base Nacional Comum Curricular (2018), p. 533; BNCC_EI_EF_110518_versaofinal_site.pdf, páginas do PDF 535"
54e761dd-b4e5-53b9-a009-a02eba3f2a99,EM13MAT106,EM,1;2;3,Matemática e suas Tecnologias,,,"Identificar situações da vida cotidiana nas quais seja necessário fazer escolhas levando-se em conta os riscos probabilísticos (usar este ou aquele método contraceptivo, optar por um tratamento médico em detrimento de outro etc.).","BRASIL. Base Nacional Comum Curricular (2018), p. 533; BNCC_EI_EF_110518_versaofinal_site.pdf, páginas do PDF 535"
1a30a626-2be3-5fa6-90b6-712553526c84,EM13MAT201,EM,1;2;3,Matemática e suas Tecnologias,,,"Propor ou participar de ações adequadas às demandas da região, preferencialmente para sua comunidade, envolvendo medições e cálculos de perímetro, de área, de volume, de capacidade ou de massa.","BRASIL. Base Nacional Comum Curricular (2018), p. 534; BNCC_EI_EF_110518_versaofinal_site.pdf, páginas do PDF 536"
0880b6ba-e179-5fbc-9c04-f10ea3a2e816,EM13MAT202,EM,1;2;3,Matemática e suas Tecnologias,,,"Planejar e executar pesquisa amostral sobre questões relevantes, usando dados coletados diretamente ou em diferentes fontes, e comunicar os resultados por meio de relatório contendo gráficos e interpretação das medidas de tendência central e das medidas de dispersão (amplitude e desvio padrão), utilizando ou não recursos tecnológicos.","BRASIL. Base Nacional Comum Curricular (2018), p. 534; BNCC_EI_EF_110518_versaofinal_site.pdf, páginas do PDF 536"
718b4da9-ce0b-5184-a8a2-ed8730479b92,EM13MAT203,EM,1;2;3,Matemática e suas Tecnologias,,,"Aplicar conceitos matemáticos no planejamento, na execução e na análise de ações envolvendo a utilização de aplicativos e a criação de planilhas (para o controle de orçamento familiar, simuladores de cálculos de juros simples e compostos, entre outros), para tomar decisões.","BRASIL. Base Nacional Comum Curricular (2018), p. 534; BNCC_EI_EF_110518_versaofinal_site.pdf, páginas do PDF 536"
b02b07fb-a67f-5835-acde-a96247e0cdcc,EM13MAT301,EM,1;2;3,Matemática e suas Tecnologias,,,"Resolver e elaborar problemas do cotidiano, da Matemática e de outras áreas do conhecimento, que envolvem equações lineares simultâneas, usando técnicas algébricas e gráficas, com ou sem apoio de tecnologias digitais.","BRASIL. Base Nacional Comum Curricular (2018), p. 536; BNCC_EI_EF_110518_versaofinal_site.pdf, páginas do PDF 538"
6c6ce8ad-f57e-54ee-8600-e50221733bfe,EM13MAT302,EM,1;2;3,Matemática e suas Tecnologias,,,"Construir modelos empregando as funções polinomiais de 1º ou 2º graus, para resolver problemas em contextos diversos, com ou sem apoio de tecnologias digitais.","BRASIL. Base Nacional Comum Curricular (2018), p. 536; BNCC_EI_EF_110518_versaofinal_site.pdf, páginas do PDF 538"
da115995-7a58-51cf-864e-8b21958f4243,EM13MAT303,EM,1;2;3,Matemática e suas Tecnologias,,,"Interpretar e comparar situações que envolvam juros simples com as que envolvem juros compostos, por meio de representações gráficas ou análise de planilhas, destacando o crescimento linear ou exponencial de cada caso.","BRASIL. Base Nacional Comum Curricular (2018), p. 536; BNCC_EI_EF_110518_versaofinal_site.pdf, páginas do PDF 538"
59b59923-8bdf-5cc7-97c7-ef486b6e7189,EM13MAT304,EM,1;2;3,Matemática e suas Tecnologias,,,"Resolver e elaborar problemas com funções exponenciais nos quais seja necessário compreender e interpretar a variação das grandezas envolvidas, em contextos como o da Matemática Financeira, entre outros.","BRASIL. Base Nacional Comum Curricular (2018), p. 536; BNCC_EI_EF_110518_versaofinal_site.pdf, páginas do PDF 538"
06060b77-c46a-5751-bcbe-9ac5af87ce83,EM13MAT305,EM,1;2;3,Matemática e suas Tecnologias,,,"Resolver e elaborar problemas com funções logarítmicas nos quais seja necessário compreender e interpretar a variação das grandezas envolvidas, em contextos como os de abalos sísmicos, pH, radioatividade, Matemática Financeira, entre outros.","BRASIL. Base Nacional Comum Curricular (2018), p. 536; BNCC_EI_EF_110518_versaofinal_site.pdf, páginas do PDF 538"
4666de24-c56d-5b0b-9826-debf7ff1e1b0,EM13MAT307,EM,1;2;3,Matemática e suas Tecnologias,,,"Empregar diferentes métodos para a obtenção da medida da área de uma superfície (reconfigurações, aproximação por cortes etc.) e deduzir expressões de cálculo para aplicá-las em situações reais (como o remanejamento e a distribuição de plantações, entre outros), com ou sem apoio de tecnologias digitais.","BRASIL. Base Nacional Comum Curricular (2018), p. 536; BNCC_EI_EF_110518_versaofinal_site.pdf, páginas do PDF 538"
df8688ef-02ed-5134-a757-c5524e62391f,EM13MAT309,EM,1;2;3,Matemática e suas Tecnologias,,,"Resolver e elaborar problemas que envolvem o cálculo de áreas totais e de volumes de prismas, pirâmides e corpos redondos em situações reais (como o cálculo do gasto de material para revestimento ou pinturas de objetos cujos formatos sejam composições dos sólidos estudados), com ou sem apoio de tecnologias digitais.","BRASIL. Base Nacional Comum Curricular (2018), p. 537; BNCC_EI_EF_110518_versaofinal_site.pdf, páginas do PDF 539"
cdab57a9-47fd-5876-b7fe-f75adc31f569,EM13MAT311,EM,1;2;3,Matemática e suas Tecnologias,,,"Identificar e descrever o espaço amostral de eventos aleatórios, realizando contagem das possibilidades, para resolver e elaborar problemas que envolvem o cálculo da probabilidade.","BRASIL. Base Nacional Comum Curricular (2018), p. 537; BNCC_EI_EF_110518_versaofinal_site.pdf, páginas do PDF 539"
f63dadb6-ad43-5d6e-9153-5b006fb966de,EM13MAT312,EM,1;2;3,Matemática e suas Tecnologias,,,Resolver e elaborar problemas que envolvem o cálculo de probabilidade de eventos em experimentos aleatórios sucessivos.,"BRASIL. Base Nacional Comum Curricular (2018), p. 537; BNCC_EI_EF_110518_versaofinal_site.pdf, páginas do PDF 539"
8e23fa56-9cd0-5e2c-8cf1-1664c7f45051,EM13MAT313,EM,1;2;3,Matemática e suas Tecnologias,,,"Utilizar, quando necessário, a notação científica para expressar uma medida, compreendendo as noções de algarismos significativos e algarismos duvidosos, e reconhecendo que toda medida é inevitavelmente acompanhada de erro.","BRASIL. Base Nacional Comum Curricular (2018), p. 537; BNCC_EI_EF_110518_versaofinal_site.pdf, páginas do PDF 539"
6cfb444f-f3ad-5dec-806e-3d686429e808,EM13MAT314,EM,1;2;3,Matemática e suas Tecnologias,,,"Resolver e elaborar problemas que envolvem grandezas determinadas pela razão ou pelo produto de outras (velocidade, densidade demográfica, energia elétrica etc.).","BRASIL. Base Nacional Comum Curricular (2018), p. 537; BNCC_EI_EF_110518_versaofinal_site.pdf, páginas do PDF 539"
22faface-ba6d-5b31-8540-5d5915779542,EM13MAT315,EM,1;2;3,Matemática e suas Tecnologias,,,"Investigar e registrar, por meio de um fluxograma, quando possível, um algoritmo que resolve um problema.","BRASIL. Base Nacional Comum Curricular (2018), p. 537; BNCC_EI_EF_110518_versaofinal_site.pdf, páginas do PDF 539"
43c923e2-a4d1-55cb-ad4e-fe6b6b243af7,EM13MAT316,EM,1;2;3,Matemática e suas Tecnologias,,,"Resolver e elaborar problemas, em diferentes contextos, que envolvem cálculo e interpretação das medidas de tendência central (média, moda, mediana) e das medidas de dispersão (amplitude, variância e desvio padrão).","BRASIL. Base Nacional Comum Curricular (2018), p. 537; BNCC_EI_EF_110518_versaofinal_site.pdf, páginas do PDF 539"
6e889265-caf7-595a-8c05-29bc6149495f,EM13MAT401,EM,1;2;3,Matemática e suas Tecnologias,,,"Converter representações algébricas de funções polinomiais de 1º grau em representações geométricas no plano cartesiano, distinguindo os casos nos quais o comportamento é proporcional, recorrendo ou não a softwares ou aplicativos de álgebra e geometria dinâmica.","BRASIL. Base Nacional Comum Curricular (2018), p. 539; BNCC_EI_EF_110518_versaofinal_site.pdf, páginas do PDF 541"
10ea637c-87ee-55de-88e4-9d543ef11670,EM13MAT403,EM,1;2;3,Matemática e suas Tecnologias,,,"Analisar e estabelecer relações, com ou sem apoio de tecnologias digitais, entre as representações de funções exponencial e logarítmica expressas em tabelas e em plano cartesiano, para identificar as características fundamentais (domínio, imagem, crescimento) de cada função.","BRASIL. Base Nacional Comum Curricular (2018), p. 539; BNCC_EI_EF_110518_versaofinal_site.pdf, páginas do PDF 541"
5a8d6d11-aee4-50d5-bd9a-7f3c657fd06a,EM13MAT404,EM,1;2;3,Matemática e suas Tecnologias,,,"Analisar funções definidas por uma ou mais sentenças (tabela do Imposto de Renda, contas de luz, água, gás etc.), em suas representações algébrica e gráfica, identificando domínios de validade, imagem, crescimento e decrescimento, e convertendo essas representações de uma para outra, com ou sem apoio de tecnologias digitais.","BRASIL. Base Nacional Comum Curricular (2018), p. 539; BNCC_EI_EF_110518_versaofinal_site.pdf, páginas do PDF 541"
1b448491-b260-582c-8d8d-05749761e6d4,EM13MAT406,EM,1;2;3,Matemática e suas Tecnologias,,,"Construir e interpretar tabelas e gráficos de frequências com base em dados obtidos em pesquisas por amostras estatísticas, incluindo ou não o uso de softwares que inter-relacionem estatística, geometria e álgebra.","BRASIL. Base Nacional Comum Curricular (2018), p. 539; BNCC_EI_EF_110518_versaofinal_site.pdf, páginas do PDF 541"
957e3319-2412-5018-868c-17016dfd1f4a,EM13MAT407,EM,1;2;3,Matemática e suas Tecnologias,,,"Interpretar e comparar conjuntos de dados estatísticos por meio de diferentes diagramas e gráficos (histograma, de caixa (box-plot), de ramos e folhas, entre outros), reconhecendo os mais eficientes para sua análise.","BRASIL. Base Nacional Comum Curricular (2018), p. 539; BNCC_EI_EF_110518_versaofinal_site.pdf, páginas do PDF 541"
bba8c45b-1276-5921-af32-3b809c4a2b2f,EM13MAT501,EM,1;2;3,Matemática e suas Tecnologias,,,"Investigar relações entre números expressos em tabelas para representá-los no plano cartesiano, identificando padrões e criando conjecturas para generalizar e expressar algebricamente essa generalização, reconhecendo quando essa representação é de função polinomial de 1º grau.","BRASIL. Base Nacional Comum Curricular (2018), p. 541; BNCC_EI_EF_110518_versaofinal_site.pdf, páginas do PDF 543"
fcdcaf2c-0b82-5a6f-b15c-51a634412a04,EM13MAT503,EM,1;2;3,Matemática e suas Tecnologias,,,"Investigar pontos de máximo ou de mínimo de funções quadráticas em contextos envolvendo superfícies, Matemática Financeira ou Cinemática, entre outros, com apoio de tecnologias digitais.","BRASIL. Base Nacional Comum Curricular (2018), p. 541; BNCC_EI_EF_110518_versaofinal_site.pdf, páginas do PDF 543"
5ff3b2c4-717d-5dea-973c-5e8f6b75fc85,EM13MAT507,EM,1;2;3,Matemática e suas Tecnologias,,,"Identificar e associar progressões aritméticas (PA) a funções afins de domínios discretos, para análise de propriedades, dedução de algumas fórmulas e resolução de problemas.","BRASIL. Base Nacional Comum Curricular (2018), p. 541; BNCC_EI_EF_110518_versaofinal_site.pdf, páginas do PDF 543"
4da3dcfe-e2f4-5a7f-96c5-72cc87c87702,EM13MAT508,EM,1;2;3,Matemática e suas Tecnologias,,,"Identificar e associar progressões geométricas (PG) a funções exponenciais de domínios discretos, para análise de propriedades, dedução de algumas fórmulas e resolução de problemas.","BRASIL. Base Nacional Comum Curricular (2018), p. 541; BNCC_EI_EF_110518_versaofinal_site.pdf, páginas do PDF 543"
ab4f501f-d072-5a11-8f1d-57e8ce8700e7,EM13MAT509,EM,1;2;3,Matemática e suas Tecnologias,,,"Investigar a deformação de ângulos e áreas provocada pelas diferentes projeções usadas em cartografia (como a cilíndrica e a cônica), com ou sem suporte de tecnologia digital.","BRASIL. Base Nacional Comum Curricular (2018), p. 541; BNCC_EI_EF_110518_versaofinal_site.pdf, páginas do PDF 543"
722cf6fb-6201-5aad-a789-8a14bbbb3c97,EM13MAT510,EM,1;2;3,Matemática e suas Tecnologias,,,"Investigar conjuntos de dados relativos ao comportamento de duas variáveis numéricas, usando ou não tecnologias da informação, e, quando apropriado, levar em conta a variação e utilizar uma reta para descrever a relação observada.","BRASIL. Base Nacional Comum Curricular (2018), p. 541; BNCC_EI_EF_110518_versaofinal_site.pdf, páginas do PDF 543"
77a57172-0256-5f0b-9316-1cbe00a56ffc,EM13MAT511,EM,1;2;3,Matemática e suas Tecnologias,,,"Reconhecer a existência de diferentes tipos de espaços amostrais, discretos ou não, e de eventos, equiprováveis ou não, e investigar implicações no cálculo de probabilidades.","BRASIL. Base Nacional Comum Curricular (2018), p. 541; BNCC_EI_EF_110518_versaofinal_site.pdf, páginas do PDF 543"
